tarih,il,kosu,atno,at,baba,mesafe,zemin,irk,saat,kosu_yorum,kosu_final,gecmis_n,p50_max,p50_ort,p66_max,p66_ort,p75_max,p75_ort,derece_en_iyi_cs,g30_en_iyi,g30_n,songalop_en_iyi,songalop_n,orj_kalite,orj_mesafe,orj_sprinter,orj_kacak,dede_kalite,dede_mesafe,extrem_tip,extrem_gun,gec_cikis,derecesiz,gecmis_yok,kacinci,kazandi,ilk3,agf_final,agf_sira,derece_sonuc,ganyan,durum
11.07.2026,Ankara,1,1,GRENTLY WINS,RHYTHM DIVINE,1600,Çim,İngiliz,13:30,Sprinter/Stalker,-24.89363431977111,5,7.0,4.7,13.663599999999995,8.73,15.75,9.15,6685,-0.7,3,-0.1,1,0.0,,0.33,,4.04,,,,0,0,0,8,0,0,11.38,4,1:39.14,"7,65",tamam
11.07.2026,Ankara,1,2,ÇAPGUR,FINESSE,1600,Çim,İngiliz,13:30,Sprinter/Stalker,-24.89363431977111,0,,,,,,,,-0.3,1,3.2,1,0.0,,0.18,,0.65,,,,0,0,1,5,0,0,3.7,8,1:38.09,"18,60",tamam
11.07.2026,Ankara,1,3,SCHATZ,TOROK,1600,Çim,İngiliz,13:30,Sprinter/Stalker,-24.89363431977111,4,12.5,4.75,14.332799999999995,4.58,11.75,2.62,6637,-2.9,3,-0.8,1,2.74,,0.25,,2.86,,,,0,0,0,2,0,1,20.47,2,1:37.62,"4,35",tamam
11.07.2026,Ankara,1,4,DOĞAN AYŞE,GOOD CURRY,1600,Çim,İngiliz,13:30,Sprinter/Stalker,-24.89363431977111,2,17.5,9.5,22.667799999999993,12.0,21.5,10.12,6809,-0.2,1,-0.2,1,0.05,,,,2.98,,,,0,0,0,,0,0,,,,,kosmadi_veya_eslesmedi
11.07.2026,Ankara,1,5,EURO POWER,DAREDEVIL,1600,Çim,İngiliz,13:30,Sprinter/Stalker,-24.89363431977111,3,11.0,5.17,14.33219999999999,6.78,10.25,4.83,6753,-1.2,2,0.3,1,0.03,,0.2,,,,,,0,0,0,7,0,0,3.14,9,1:38.81,"11,75",tamam
11.07.2026,Ankara,1,6,MYBOYFRIEND,MYBOYCHARLIE,1600,Çim,İngiliz,13:30,Sprinter/Stalker,-24.89363431977111,0,,,,,,,,,0,4.1,1,0.27,,0.31,,2.4,,,,0,0,1,3,0,1,3.02,10,1:37.63,"16,45",tamam
11.07.2026,Ankara,1,7,AKIN BEYLİ,RUNNER BULL,1600,Çim,İngiliz,13:30,Sprinter/Stalker,-24.89363431977111,3,4.0,0.67,17.328799999999994,7.11,19.5,5.92,6686,,0,4.4,1,,,1.0,,0.66,,,,0,0,0,4,0,0,25.61,1,1:37.68,"3,10",tamam
11.07.2026,Ankara,1,8,MIDNIGHT MIRAGE,EPAULETTE,1600,Çim,İngiliz,13:30,Sprinter/Stalker,-24.89363431977111,4,10.0,3.0,8.332399999999996,3.58,6.5,2.81,6790,-1.2,2,-1.2,1,0.13,,0.3,,0.02,,,,0,0,0,11,0,0,11.77,3,Derecesiz,"5,45",tamam
11.07.2026,Ankara,1,9,BABİLİ,SMART ROBIN,1600,Çim,İngiliz,13:30,Sprinter/Stalker,-24.89363431977111,1,-6.0,-6.0,-4.666000000000004,-4.67,-6.5,-6.5,6699,-0.8,4,0.1,1,0.43,,0.19,,1.89,,,,0,0,0,9,0,0,6.32,6,1:40.79,"9,00",tamam
11.07.2026,Ankara,1,10,SIEGREICH,BLAZE TO WIN,1600,Çim,İngiliz,13:30,Sprinter/Stalker,-24.89363431977111,4,6.0,3.25,19.328799999999994,8.08,21.5,7.06,6677,-3.0,3,-1.1,1,0.0,,0.09,,0.25,,,,0,0,0,1,1,1,8.58,5,1:37.53,"10,90",tamam
11.07.2026,Ankara,1,11,SIMAZE,LUXOR,1600,Çim,İngiliz,13:30,Sprinter/Stalker,-24.89363431977111,2,7.5,6.0,7.672999999999995,6.34,4.0,3.25,6737,-0.2,1,1.4,1,4.04,,0.22,,1.85,,,,0,0,0,6,0,0,5.92,7,1:38.52,"14,10",tamam
11.07.2026,Ankara,2,1,KÜÇÜK AZAT,SABRİNİN ATI,1200,Çim,Arap,14:00,,,4,30.299999999999997,27.42,11.012360000000015,7.51,9.949999999999989,6.51,6725,-1.0,2,-0.2,1,0.0,1.0,0.0,0.0,0.01,0.61,,,0,0,0,2,0,1,23.52,2,1:19.95,"3,75",tamam
11.07.2026,Ankara,2,2,URFA BEYİ,DERHADIR,1200,Çim,Arap,14:00,,,1,33.3,33.3,13.012760000000021,13.01,11.449999999999989,11.45,6749,-0.3,1,1.6,1,0.0,0.3,0.37,15.79,0.48,0.51,,,0,0,0,3,0,1,16.0,3,1:20.25,"5,60",tamam
11.07.2026,Ankara,2,3,ATAERİ,BABA MEVLÜT,1200,Çim,Arap,14:00,,,0,,,,,,,,-0.3,1,0.7,1,0.42,0.55,0.28,10.95,2.42,0.47,,,0,0,1,,0,0,,,,,kosmadi_veya_eslesmedi
11.07.2026,Ankara,2,4,IŞIKALP,SERDÜMEN,1200,Çim,Arap,14:00,,,1,-5.299999999999998,-5.3,-24.587639999999983,-24.59,-25.650000000000006,-25.65,7125,-1.1,1,1.2,1,0.1,0.83,0.25,19.44,0.1,0.68,,,0,0,0,7,0,0,4.08,6,1:26.22,"13,55",tamam
11.07.2026,Ankara,2,5,SUFRİ,DİLİRAN,1200,Çim,Arap,14:00,,,1,-1.2999999999999972,-1.3,-20.587639999999983,-20.59,-21.650000000000006,-21.65,6893,,0,0.2,1,0.12,0.73,0.19,43.01,0.01,0.62,,,0,0,0,8,0,0,7.42,5,1:36.30,"8,55",tamam
11.07.2026,Ankara,2,6,SÜPEROĞLAN,ENDEREFE,1200,Çim,Arap,14:00,,,2,39.7,39.2,20.41236000000002,19.41,19.349999999999994,18.1,6813,-0.2,1,-0.2,1,0.0,0.5,0.13,53.33,2.26,0.47,,,0,0,0,5,0,0,8.82,4,1:20.92,"7,75",tamam
11.07.2026,Ankara,2,7,TAMAMMI DEVAMMI,GÜMBÜRGÜMBÜR,1200,Çim,Arap,14:00,,,0,,,,,,,,-5.2,1,6.5,1,0.02,0.91,0.15,37.5,1.1,0.47,uzun,72,0,0,1,9,0,0,0.49,8,1:38.96,"37,25",tamam
11.07.2026,Ankara,2,8,ALUDRA,SEÇKİN BEY,1200,Çim,Arap,14:00,,,2,1.2999999999999972,1.3,-17.98763999999999,-19.32,-19.05000000000001,-21.05,6775,-1.1,1,1.5,1,,,,,0.01,0.56,,,0,0,0,1,1,1,37.61,1,1:19.80,"1,95",tamam
11.07.2026,Ankara,2,9,GÜZEL ELAM,SERHANTAY,1200,Çim,Arap,14:00,,,0,,,,,,,,-1.1,1,3.8,1,0.2,0.66,0.23,28.57,0.04,0.72,,,0,0,1,4,0,0,0.31,9,1:20.77,"53,70",tamam
11.07.2026,Ankara,2,10,KATI CANAN,KATI SEMİH,1200,Çim,Arap,14:00,,,0,,,,,,,,,0,0.9,1,0.16,0.33,0.0,66.67,0.04,0.95,,,0,0,1,6,0,0,1.65,7,1:22.99,"44,95",tamam
11.07.2026,Ankara,3,1,MY LITTLE BOY,TRAPPE SHOT,1300,Çim,İngiliz,14:30,Nötr,0.8602119316000003,3,6.599999999999994,0.1,7.199759999999987,0.53,6.3999999999999915,-0.27,6672,-1.6,2,0.5,1,0.32,0.88,0.19,24.03,,,,,0,0,0,2,0,1,31.81,2,1:19.82,"3,00",tamam
11.07.2026,Ankara,3,2,BECENE REİS,HEMSWORTH,1300,Çim,İngiliz,14:30,Nötr,0.8602119316000003,2,5.0,3.5,5.599759999999989,3.77,4.799999999999998,2.8,6589,-21.82,1,1.5,1,0.04,1.0,0.13,60.0,0.43,0.41,,,0,0,0,4,0,0,23.75,3,1:20.92,"2,60",tamam
11.07.2026,Ankara,3,3,EL RATON,ELARQAM,1300,Çim,İngiliz,14:30,Nötr,0.8602119316000003,1,1.4000000000000057,1.4,3.9989600000000003,4.0,4.200000000000002,4.2,6704,,0,2.3,1,0.0,1.0,0.0,0.0,2.98,0.4,,,1,0,0,1,1,1,36.16,1,1:19.03,"2,00",tamam
11.07.2026,Ankara,3,4,VENENO,SUPER SAVER,1300,Çim,İngiliz,14:30,Nötr,0.8602119316000003,5,12.0,1.3,14.269359999999995,1.93,10.049999999999997,0.05,6693,-0.6,1,-0.6,1,0.09,0.62,0.25,18.88,2.0,0.61,,,0,0,0,3,0,1,2.19,2,1:20.54,"3,00",tamam
11.07.2026,Ankara,3,5,PONCA,NATIVE KHAN,1300,Çim,İngiliz,14:30,Nötr,0.8602119316000003,2,6.0,5.0,4.600559999999994,3.6,2.799999999999998,2.3,6890,-3.25,3,-3.25,1,1.31,0.55,0.2,28.45,2.0,0.61,,,0,0,0,,0,0,,,,,kosmadi_veya_eslesmedi
11.07.2026,Ankara,3,6,VELOS THALOR,HAKEEM,1300,Çim,İngiliz,14:30,Nötr,0.8602119316000003,0,,,,,,,,-3.2,3,-2.2,1,0.73,0.62,0.21,29.82,2.21,0.5,,,0,0,1,5,0,0,1.49,5,1:22.76,"21,35",tamam
11.07.2026,Ankara,3,7,WISH YOU WERE HERE,LUXOR,1300,Çim,İngiliz,14:30,Nötr,0.8602119316000003,0,,,,,,,,-0.4,1,-0.4,1,4.04,0.56,0.22,25.26,1.31,0.55,,,0,0,1,6,0,0,4.55,4,1:24.85,"13,00",tamam
11.07.2026,Ankara,4,1,DOUBLE WORLD,GOOD CURRY,1500,Kum,İngiliz,15:00,Kaçak/Stalker,53.29287927358,10,39.0,8.45,38.4004,7.33,38.5,8.93,6781,-0.4,1,-0.4,1,0.05,,,43.94,0.52,,,,0,0,0,9,0,0,5.09,7,1:40.59,"13,45",tamam
11.07.2026,Ankara,4,2,PANCHO,KANEKO,1500,Kum,İngiliz,15:00,Kaçak/Stalker,53.29287927358,2,-1.7999999999999972,-1.8,-2.4007999999999967,-4.4,-2.299999999999997,-3.42,6778,-1.5,4,-0.7,1,2.86,,,29.83,0.3,,,,0,0,0,,0,0,,,,,kosmadi_veya_eslesmedi
11.07.2026,Ankara,4,3,SİGUEME,MENDIP,1500,Kum,İngiliz,15:00,Kaçak/Stalker,53.29287927358,10,11.200000000000003,7.45,7.599000000000003,4.9,8.950000000000003,6.23,6700,-2.2,1,-2.2,1,1.22,,,37.94,0.35,,sik,5,0,0,0,5,0,0,7.3,4,1:38.99,"7,25",tamam
11.07.2026,Ankara,4,4,WINNING DRAGON,TIGER MOTH,1500,Kum,İngiliz,15:00,Kaçak/Stalker,53.29287927358,9,6.799999999999998,5.3,6.5323999999999955,2.98,8.299999999999997,3.8,6808,-0.1,1,2.6,1,0.0,,,0.0,0.25,,,,0,0,0,7,0,0,19.13,2,1:39.39,"4,05",tamam
11.07.2026,Ankara,4,5,FEMALE WARRIOR,AGRESIVO,1500,Kum,İngiliz,15:00,Kaçak/Stalker,53.29287927358,2,-5.200000000000002,-7.95,7.530399999999993,-3.14,9.299999999999997,-2.7,6879,-2.7,2,-2.7,1,0.52,,,22.56,1.85,,,,0,0,0,3,0,1,6.46,6,1:38.39,"14,90",tamam
11.07.2026,Ankara,4,6,HIGH HILLS,TILSIT,1500,Kum,İngiliz,15:00,Kaçak/Stalker,53.29287927358,4,0.799999999999998,-0.45,9.530399999999995,3.36,11.299999999999997,4.67,6830,-1.8,4,-0.7,1,0.03,,,52.94,0.0,,,,0,0,0,,0,0,,,,,kosmadi_veya_eslesmedi
11.07.2026,Ankara,4,7,MALCOOBA,COOGER,1500,Kum,İngiliz,15:00,Kaçak/Stalker,53.29287927358,0,,,,,,,,-1.0,1,-1.0,1,0.25,,,5.0,0.46,,,,0,0,1,2,0,1,1.28,10,1:38.14,"31,50",tamam
11.07.2026,Ankara,4,8,MY DEAR DREAM,TU BRUTUS,1500,Kum,İngiliz,15:00,Kaçak/Stalker,53.29287927358,7,3.200000000000002,-3.16,1.6004000000000005,-4.73,3.950000000000003,-4.05,6715,,0,0.3,1,0.01,,,15.38,0.48,,,,0,0,0,8,0,0,12.7,3,1:39.80,"5,45",tamam
11.07.2026,Ankara,4,9,PRINCESS BALA,AGRESIVO,1500,Kum,İngiliz,15:00,Kaçak/Stalker,53.29287927358,5,7.799999999999998,-2.4,1.2027999999999892,-4.07,4.299999999999998,-2.6,6791,-1.3,2,-0.7,1,0.52,,,22.56,2.98,,,,0,0,0,10,0,0,4.17,8,1:41.17,"18,00",tamam
11.07.2026,Ankara,4,10,BABA DOÇKA,AGRESIVO,1500,Kum,İngiliz,15:00,Kaçak/Stalker,53.29287927358,4,-9.0,-11.0,-12.599600000000002,-13.43,-12.0,-13.81,6801,-1.7,1,2.0,1,0.52,,,22.56,2.86,,,,0,0,0,1,1,1,7.9,5,1:37.90,"8,95",tamam
11.07.2026,Ankara,4,11,GOLDEN CANTADO,GOLDEN TOWER,1500,Kum,İngiliz,15:00,Kaçak/Stalker,53.29287927358,0,,,,,,,,-1.7,2,3.9,1,0.03,,,70.59,0.0,,,,0,0,1,11,0,0,1.99,9,1:46.30,"32,30",tamam
11.07.2026,Ankara,5,1,RASTGELOĞLUM,SABRİNİN ATI,1200,Çim,Arap,15:30,,,4,17.0,12.62,6.670000000000001,2.59,4.5,0.31,6564,-0.5,1,1.1,1,0.0,1.0,0.0,0.0,0.48,0.51,,,0,0,0,6,0,0,26.06,2,1:21.09,"3,65",tamam
11.07.2026,Ankara,5,2,ARKANBERK,ESKİŞEHİRLİ,1200,Çim,Arap,15:30,,,0,,,,,,,,,0,1.9,1,0.0,0.88,0.33,7.41,2.26,0.47,uzun,49,0,0,1,2,0,1,2.15,8,1:19.15,"25,35",tamam
11.07.2026,Ankara,5,3,BEŞİRHAT,GÜLBEŞİR,1200,Çim,Arap,15:30,,,3,14.900000000000006,10.57,5.736200000000008,0.18,3.150000000000006,-2.35,6739,,0,1.1,1,0.0,0.0,0.0,100.0,0.02,0.75,,,0,0,0,1,1,1,22.09,3,1:19.10,"3,60",tamam
11.07.2026,Ankara,5,4,GÜNDOĞMUŞ,BESLENEY,1200,Çim,Arap,15:30,,,0,,,,,,,,-0.7,2,1.1,1,0.02,0.64,0.37,3.7,0.09,0.67,,,0,0,1,8,0,0,0.84,10,1:21.71,"30,55",tamam
11.07.2026,Ankara,5,5,HÜKÜMSÜREN,GÜMBÜRGÜMBÜR,1200,Çim,Arap,15:30,,,0,,,,,,,,,0,0.1,1,0.02,0.91,0.15,37.5,1.65,0.69,,,0,0,1,5,0,0,5.9,4,1:21.05,"11,40",tamam
11.07.2026,Ankara,5,6,SEVERBEY,ONURKAAN,1200,Çim,Arap,15:30,,,0,,,,,,,,,0,4.2,1,0.15,0.67,0.23,25.27,0.08,0.38,,,0,0,1,9,0,0,2.32,7,1:21.82,"27,90",tamam
11.07.2026,Ankara,5,7,UTKANBEY,BERKSOY,1200,Çim,Arap,15:30,,,2,-12.599999999999994,-12.6,-22.929999999999993,-22.93,-25.099999999999994,-25.1,6845,-1.1,1,2.2,1,0.67,0.62,0.18,25.44,0.6,0.68,,,1,0,0,3,0,1,27.23,1,1:20.24,"2,85",tamam
11.07.2026,Ankara,5,8,ZAFER İZİ,KAYAYÜREKLİ,1200,Çim,Arap,15:30,,,0,,,,,,,,,0,2.3,1,0.3,0.77,0.33,25.54,0.8,0.54,uzun,83,0,0,1,10,0,0,5.52,6,1:22.23,"8,90",tamam
11.07.2026,Ankara,5,9,AL ZEYNO,SABRİNİN ATI,1200,Çim,Arap,15:30,,,1,-20.0,-20.0,-32.995599999999996,-33.0,-36.5,-36.5,6802,,0,0.2,1,0.0,1.0,0.0,0.0,0.51,0.61,,,0,0,0,4,0,0,5.72,5,1:20.64,"12,40",tamam
11.07.2026,Ankara,5,10,ARKAZGÜLÜ,ÖZGÜNHAN,1200,Çim,Arap,15:30,,,0,,,,,,,,,0,1.7,1,2.31,0.45,0.3,11.89,2.66,0.52,,,0,0,1,,0,0,,,,,kosmadi_veya_eslesmedi
11.07.2026,Ankara,5,11,HAYDİ BİTANEM,DÖVER,1200,Çim,Arap,15:30,,,0,,,,,,,,,0,2.2,1,0.0,1.0,0.0,0.0,2.84,0.65,,,0,0,1,7,0,0,2.08,9,1:21.22,"20,55",tamam
11.07.2026,Ankara,6,1,BEYAZIŞIK,ALTAHA,2100,Kum,Arap,16:00,Nötr,-2.39335931268733,6,1.0,-2.17,2.665800000000004,-1.39,4.0,-0.58,6532,-1.0,2,,0,2.66,0.36,0.22,18.17,2.42,0.45,,,0,0,0,9,0,0,16.56,2,2:39.22,"5,45",tamam
11.07.2026,Ankara,6,2,BOZARSLAN,ÖZGÜNHAN,2100,Kum,Arap,16:00,Nötr,-2.39335931268733,2,-6.0,-7.25,-6.666399999999996,-7.67,-7.0,-8.88,6564,,0,5.8,1,2.31,0.4,0.3,11.89,0.34,0.36,uzun,72,0,0,0,7,0,0,6.84,5,2:36.59,"16,40",tamam
11.07.2026,Ankara,6,3,ERSANŞAH,TAMERİNOĞLU,2100,Kum,Arap,16:00,Nötr,-2.39335931268733,6,-7.0,-12.33,-7.333600000000004,-10.56,-6.75,-10.08,6572,-2.2,2,2.0,1,2.42,0.45,0.37,8.2,,,,,0,0,0,11,0,0,1.6,11,2:42.28,"33,25",tamam
11.07.2026,Ankara,6,4,GÖLGENİN GÜCÜ,SAADIN GÜCÜ,2100,Kum,Arap,16:00,Nötr,-2.39335931268733,7,0.0,-8.07,-0.6663999999999994,-8.29,-1.0,-8.64,6566,-1.1,2,2.2,1,0.21,0.19,0.27,26.8,0.69,0.3,,,0,0,0,12,0,0,1.58,12,2:44.05,"30,25",tamam
11.07.2026,Ankara,6,5,HULKİ,TÜMÖZ BEY,2100,Kum,Arap,16:00,Nötr,-2.39335931268733,9,3.0,-9.78,2.333600000000004,-7.45,2.0,-6.36,6538,-2.6,2,-2.6,1,0.31,0.34,0.1,49.63,0.0,0.19,,,0,0,0,10,0,0,3.35,9,2:41.36,"12,05",tamam
11.07.2026,Ankara,6,6,KAHRAMANOĞLU,ÖZGÜNHAN,2100,Kum,Arap,16:00,Nötr,-2.39335931268733,5,2.0,-3.9,-0.6663999999999959,-4.47,0.0,-2.95,6525,-2.3,3,-2.3,1,2.31,0.4,0.3,11.89,0.02,0.23,,,0,0,0,1,1,1,15.65,3,2:32.20,"4,65",tamam
11.07.2026,Ankara,6,7,KUMBEY,KARAÜZÜM,2100,Kum,Arap,16:00,Nötr,-2.39335931268733,1,-11.5,-11.5,-11.665199999999999,-11.67,-13.75,-13.75,6577,-22.65,1,5.4,1,0.32,0.4,0.24,22.78,2.84,0.18,uzun,72,0,0,0,4,0,0,6.42,6,2:32.79,"10,15",tamam
11.07.2026,Ankara,6,8,TAŞAN,TÜMÖZ BEY,2100,Kum,Arap,16:00,Nötr,-2.39335931268733,7,4.0,-6.29,3.000399999999999,-6.9,2.75,-7.04,6483,-1.6,2,-1.6,1,0.31,0.34,0.1,49.63,1.1,0.27,,,0,0,0,,0,0,,,,,kosmadi_veya_eslesmedi
11.07.2026,Ankara,6,9,TAŞKENT,TAMERİNOĞLU,2100,Kum,Arap,16:00,Nötr,-2.39335931268733,5,1.0,-4.2,0.3336000000000041,-4.27,0.25,-3.5,6518,-2.4,6,-2.4,1,2.42,0.45,0.37,8.2,0.53,0.39,,,0,0,0,2,0,1,10.76,4,2:32.34,"7,35",tamam
11.07.2026,Ankara,6,10,KALBİMDESİN,CANKARDEŞLER,2100,Kum,Arap,16:00,Nötr,-2.39335931268733,3,0.0,-3.83,2.6647999999999996,-2.44,3.0,-1.25,6662,-4.7,6,-1.0,1,0.31,0.24,0.32,23.14,2.31,0.4,,,0,0,0,5,0,0,4.15,7,2:32.82,"20,55",tamam
11.07.2026,Ankara,6,11,CEVAHİRKAN,ÖZGÜNHAN,2100,Kum,Arap,16:00,Nötr,-2.39335931268733,10,-2.5999999999999943,-21.65,-3.9341999999999904,-19.03,-3.0999999999999943,-17.0,6582,-1.6,4,-1.6,1,2.31,0.4,0.3,11.89,2.42,0.45,,,0,0,0,8,0,0,2.96,10,2:37.31,"28,05",tamam
11.07.2026,Ankara,6,12,GÖKIRMAK,DİLİRAN,2100,Kum,Arap,16:00,Nötr,-2.39335931268733,5,-1.0,-14.9,-2.332599999999999,-12.0,-0.5,-9.5,6529,-0.9,1,-0.9,1,0.12,0.16,0.19,43.01,1.1,0.27,,,0,0,0,3,0,1,26.47,1,2:32.55,"2,80",tamam
11.07.2026,Ankara,7,1,BROARTS,CATAPULT,1900,Çim,İngiliz,16:30,Sprinter/Stalker,-20.24147744711741,5,-1.0,-3.4,1.665199999999999,-3.8,-0.5,-4.35,6545,-3.0,2,-3.0,1,0.05,0.53,0.06,,0.07,0.3,,,0,0,0,,,,,,,,sonuc_bekliyor
11.07.2026,Ankara,7,2,CUTHA,VICTOIRE PISA,1900,Çim,İngiliz,16:30,Sprinter/Stalker,-20.24147744711741,0,,,,,,,,-1.7,1,,0,0.29,0.39,0.31,,0.13,0.57,,,0,0,1,,,,,,,,sonuc_bekliyor
11.07.2026,Ankara,7,3,GALİOĞLU,MYBOYCHARLIE,1900,Çim,İngiliz,16:30,Sprinter/Stalker,-20.24147744711741,2,-4.5,-8.25,-5.332400000000007,-8.83,-4.75,-8.12,6695,-1.4,3,-1.4,1,0.27,0.33,0.31,,1.85,0.38,,,0,0,0,,,,,,,,sonuc_bekliyor
11.07.2026,Ankara,7,4,HANDSOME KING,VICTOIRE PISA,1900,Çim,İngiliz,16:30,Sprinter/Stalker,-20.24147744711741,1,4.0,4.0,-2.331200000000009,-2.33,-2.0,-2.0,6595,-2.2,5,-1.6,1,0.29,0.39,0.31,,1.35,0.45,,,0,0,0,,,,,,,,sonuc_bekliyor
11.07.2026,Ankara,7,5,MADRAS,HALICARNASSUS,1900,Çim,İngiliz,16:30,Sprinter/Stalker,-20.24147744711741,2,3.0,2.5,0.667199999999994,0.0,1.0,0.5,6552,-2.2,4,-1.2,1,0.33,0.31,0.2,,2.98,0.4,,,0,0,0,,,,,,,,sonuc_bekliyor
11.07.2026,Ankara,7,6,RIDE THE LIGHTNING,TOROK,1900,Çim,İngiliz,16:30,Sprinter/Stalker,-20.24147744711741,7,0.0,-5.07,-4.332000000000007,-8.38,-4.0,-7.71,6534,,0,4.9,1,2.74,0.34,0.25,,0.93,0.36,sik,6,0,0,0,,,,,,,,sonuc_bekliyor
11.07.2026,Ankara,7,7,ANSHBA,FLY BY ME,1900,Çim,İngiliz,16:30,Sprinter/Stalker,-20.24147744711741,3,-10.599999999999994,-31.27,-8.599599999999995,-30.27,-8.599999999999994,-30.27,6591,-3.0,4,-0.5,1,0.02,0.38,0.35,,1.01,0.26,,,0,0,0,,,,,,,,sonuc_bekliyor
11.07.2026,Ankara,7,8,SUPER TOMO,SUPER SAVER,1900,Çim,İngiliz,16:30,Sprinter/Stalker,-20.24147744711741,7,-14.0,-27.57,-13.335200000000011,-25.67,-10.5,-23.57,6575,-3.9,5,-3.9,1,0.09,0.31,0.25,,0.01,0.15,,,1,0,0,,,,,,,,sonuc_bekliyor
11.07.2026,Ankara,8,1,CONTINUOUS,KANEKO,1400,Çim,İngiliz,17:00,Nötr,0.2028625825466648,6,-4.0,-11.0,-0.002599999999986835,-6.17,1.25,-3.33,6593,-2.8,2,-0.3,1,2.86,0.51,0.23,29.83,2.4,0.54,,,0,0,0,,,,,,,,sonuc_bekliyor
11.07.2026,Ankara,8,2,SHIROKE,TORONADO,1400,Çim,İngiliz,17:00,Nötr,0.2028625825466648,4,0.0,-13.12,5.997400000000012,-7.92,7.25,-4.31,6606,-3.7,2,1.1,1,0.08,0.7,0.5,15.0,0.03,0.0,,,0,0,0,,,,,,,,sonuc_bekliyor
11.07.2026,Ankara,8,3,LAVENDER,OĞLUM MELİH,1400,Çim,İngiliz,17:00,Nötr,0.2028625825466648,2,0.0,-2.75,7.995400000000017,3.16,10.0,6.25,6590,-1.2,3,-1.2,1,0.1,0.6,0.31,37.5,0.07,0.65,,,1,0,0,,,,,,,,sonuc_bekliyor
11.07.2026,Ankara,8,4,LA JEFA,TOUCH THE WOLF,1400,Çim,İngiliz,17:00,Nötr,0.2028625825466648,3,-3.5,-11.67,3.3320000000000074,-3.56,5.0,-1.33,6634,-2.6,4,-0.2,1,0.42,0.62,0.32,18.18,2.98,0.4,,,0,0,0,,,,,,,,sonuc_bekliyor
11.07.2026,Ankara,8,5,WIN HER LOVE,BLAZE TO WIN,1400,Çim,İngiliz,17:00,Nötr,0.2028625825466648,5,-1.5,-9.9,4.662199999999999,-2.54,7.25,1.6,6645,-3.0,4,-3.0,1,0.0,0.75,0.09,27.27,2.0,0.61,,,0,0,0,,,,,,,,sonuc_bekliyor
11.07.2026,Ankara,8,6,TRAİDORA,NATIVE KHAN,1400,Çim,İngiliz,17:00,Nötr,0.2028625825466648,7,-14.0,-32.71,-10.001799999999985,-26.48,-7.75,-21.86,6601,-1.4,2,0.4,1,1.31,0.55,0.2,28.45,0.35,0.4,,,0,0,0,,,,,,,,sonuc_bekliyor
11.07.2026,Ankara,9,1,BODUBEY,ENDEREFE,1200,Çim,Arap,17:30,,,4,24.0,21.75,13.672,11.09,8.5,6.5,6670,-1.5,3,-0.5,1,0.0,0.5,0.13,53.33,1.22,0.29,,,0,0,0,,,,,,,,sonuc_bekliyor
11.07.2026,Ankara,9,2,ATEŞİZİ,ATEŞTOPU,1200,Çim,Arap,17:30,,,0,,,,,,,,-0.5,1,0.6,1,0.57,0.52,0.18,30.22,0.4,0.42,,,0,0,1,,,,,,,,sonuc_bekliyor
11.07.2026,Ankara,9,3,ÇÖL KASIRGASI,BAŞ HÜKÜMDAR,1200,Çim,Arap,17:30,,,1,-12.0,-12.0,-22.328,-22.33,-26.5,-26.5,7110,-1.1,1,0.1,1,0.0,1.0,0.06,58.82,1.03,0.57,,,0,0,0,,,,,,,,sonuc_bekliyor
11.07.2026,Ankara,9,4,GÖZÜDELİ,SERHANTAY,1200,Çim,Arap,17:30,,,1,-12.0,-12.0,-22.328,-22.33,-26.5,-26.5,6824,-1.0,3,,0,0.2,0.66,0.23,28.57,3.73,0.64,,,0,0,0,,,,,,,,sonuc_bekliyor
11.07.2026,Ankara,9,5,GÜNEY KAFKASYALI,ÖZHABER,1200,Çim,Arap,17:30,,,1,10.0,10.0,-0.32799999999999585,-0.33,-4.5,-4.5,6861,,0,1.3,1,0.6,0.68,0.25,18.42,0.75,0.43,,,0,0,0,,,,,,,,sonuc_bekliyor
11.07.2026,Ankara,9,6,HIZLI KRAL,BERKSOY,1200,Çim,Arap,17:30,,,0,,,,,,,,,0,1.8,1,0.67,0.62,0.18,25.44,2.42,0.47,,,0,0,1,,,,,,,,sonuc_bekliyor
11.07.2026,Ankara,9,7,KAYADAĞI,KAYAYÜREKLİ,1200,Çim,Arap,17:30,,,0,,,,,,,,,0,10.7,1,0.3,0.77,0.33,25.54,0.0,0.0,,,0,0,1,,,,,,,,sonuc_bekliyor
11.07.2026,Ankara,9,8,BERAYZADE,POYRAZYELİ,1200,Çim,Arap,17:30,,,0,,,,,,,,-2.1,4,3.5,1,,,,,0.01,0.86,,,0,0,1,,,,,,,,sonuc_bekliyor
11.07.2026,Ankara,9,9,LADY SEVGİ,GÜMBÜRGÜMBÜR,1200,Çim,Arap,17:30,,,0,,,,,,,,-1.3,3,-0.9,1,0.02,0.91,0.15,37.5,2.84,0.65,,,0,0,1,,,,,,,,sonuc_bekliyor
11.07.2026,Ankara,9,10,SERÇE KIZI,FATİH AĞA,1200,Çim,Arap,17:30,,,2,38.0,32.0,28.3384,22.34,24.5,18.25,6864,,0,1.0,1,0.1,0.91,0.16,46.34,0.53,0.52,,,1,0,0,,,,,,,,sonuc_bekliyor
11.07.2026,Ankara,9,11,ÜÇKONAKLI,SAKARBAŞI,1200,Çim,Arap,17:30,,,0,,,,,,,,-0.5,1,2.1,1,0.05,0.7,0.3,23.08,0.03,0.61,,,1,0,1,,,,,,,,sonuc_bekliyor
11.07.2026,İzmir,1,1,BOARDING PASS,MENDIP,1600,Kum,İngiliz,17:15,Sprinter/Stalker,-24.98477358063845,6,12.099999999999994,-2.15,-0.05980000000000807,-13.28,1.6999999999999886,-11.05,6600,-1.8,3,-0.3,1,1.22,,0.19,,2.21,,,,0,0,0,5,0,0,,,1:45.45,"12,45",tamam
11.07.2026,İzmir,1,2,BUCALI BERAT,LION HEART,1600,Kum,İngiliz,17:15,Sprinter/Stalker,-24.98477358063845,3,12.5,1.67,-0.32580000000000275,-9.99,0.5999999999999943,-8.48,6588,,0,5.7,1,2.0,,0.22,,0.47,,,,0,0,0,1,1,1,,,1:41.34,"1,25",tamam
11.07.2026,İzmir,1,3,DARK SOUL,SMART ROBIN,1600,Kum,İngiliz,17:15,Sprinter/Stalker,-24.98477358063845,3,-21.0,-21.83,-30.325000000000006,-31.99,-30.400000000000006,-31.73,6698,-1.1,2,0.5,1,0.43,,0.19,,,,sik,6,0,0,0,,0,0,,,,,kosmadi_veya_eslesmedi
11.07.2026,İzmir,1,4,AGE OF FIRE,TOROK,1600,Kum,İngiliz,17:15,Sprinter/Stalker,-24.98477358063845,0,,,,,,,,,0,1.5,1,2.74,,0.25,,0.35,,uzun,603,0,0,1,8,0,0,,,1:48.36,"6,00",tamam
11.07.2026,İzmir,1,5,BARİ,TRIPLE BONUS,1600,Kum,İngiliz,17:15,Sprinter/Stalker,-24.98477358063845,1,13.200000000000003,13.2,4.872000000000001,4.87,9.049999999999997,9.05,6828,-5.2,2,-1.2,1,0.03,,0.35,,,,,,0,0,0,2,0,1,,,1:42.57,"25,70",tamam
11.07.2026,İzmir,1,6,DRAGON RUNNER,CRIMEAN TATAR,1600,Kum,İngiliz,17:15,Sprinter/Stalker,-24.98477358063845,1,-17.0,-17.0,-27.99280000000001,-27.99,-27.150000000000006,-27.15,6621,-3.6,2,3.4,1,0.02,,0.31,,1.89,,uzun,138,0,0,0,3,0,1,,,1:43.07,"13,00",tamam
11.07.2026,İzmir,1,7,EVERYTHING ALRIGHT,LION HEART,1600,Kum,İngiliz,17:15,Sprinter/Stalker,-24.98477358063845,1,16.799999999999997,16.8,4.807199999999995,4.81,6.649999999999992,6.65,6680,,0,3.4,1,2.0,,0.22,,0.51,,,,1,0,0,7,0,0,,,1:48.31,"6,00",tamam
11.07.2026,İzmir,1,8,FALCON OF MUTAFLAR,FAST 'N' FAMOUS,1600,Kum,İngiliz,17:15,Sprinter/Stalker,-24.98477358063845,2,20.599999999999994,18.1,8.607199999999992,6.44,9.449999999999989,7.7,6804,-0.1,1,0.5,1,0.11,,0.08,,1.01,,,,0,0,0,4,0,0,,,1:43.91,"8,20",tamam
11.07.2026,İzmir,1,9,STAR FIGHTER,WIENER WALZER,1600,Kum,İngiliz,17:15,Sprinter/Stalker,-24.98477358063845,0,,,,,,,,-1.8,3,2.8,1,0.19,,0.24,,0.05,,uzun,81,0,0,1,6,0,0,,,1:46.65,"15,15",tamam
11.07.2026,İzmir,1,10,MORIARTY,TILSIT,1600,Kum,İngiliz,17:15,Sprinter/Stalker,-24.98477358063845,6,-7.0,-16.67,-17.993200000000005,-26.66,-12.650000000000006,-23.15,6708,-0.8,1,0.0,1,0.03,,0.06,,0.0,,,,0,0,0,,0,0,,,,,kosmadi_veya_eslesmedi
11.07.2026,İzmir,2,1,WAR STORM,BATTLEGROUND,1900,Kum,İngiliz,18:00,Sprinter/Stalker,-66.46160550687999,5,7.0,5.3,13.993799999999997,4.73,19.0,10.25,6724,-2.1,2,-2.1,1,0.02,0.21,0.05,,2.98,0.43,,,0,0,0,2,0,1,8.47,5,2:07.24,"9,95",tamam
11.07.2026,İzmir,2,2,ZENITH SKY,CRIMEAN TATAR,1900,Kum,İngiliz,18:00,Sprinter/Stalker,-66.46160550687999,4,19.0,5.25,19.330399999999997,5.08,21.75,8.06,6744,-2.5,2,0.1,1,0.02,0.62,0.31,,0.03,0.78,,,0,0,0,,0,0,,,,,kosmadi_veya_eslesmedi
11.07.2026,İzmir,2,3,FEEL THE BEAT,TIZWAY,1900,Kum,İngiliz,18:00,Sprinter/Stalker,-66.46160550687999,0,,,,,,,,-1.6,2,2.4,1,0.53,0.28,0.13,,,,,,0,0,1,7,0,0,4.12,7,2:12.03,"22,20",tamam
11.07.2026,İzmir,2,4,NO BRAKES,COPPERFIELD,1900,Kum,İngiliz,18:00,Sprinter/Stalker,-66.46160550687999,6,5.5,0.0,-0.6679999999999993,-2.95,1.25,-0.79,6813,-1.1,2,,0,0.06,0.0,0.31,,2.98,0.43,,,1,0,0,4,0,0,2.06,10,2:08.82,"35,55",tamam
11.07.2026,İzmir,2,5,SABALENKA,BATTLEGROUND,1900,Kum,İngiliz,18:00,Sprinter/Stalker,-66.46160550687999,5,11.5,1.3,15.327999999999996,0.8,19.0,4.0,6691,-2.1,1,-2.1,1,0.02,0.21,0.05,,0.93,0.52,,,0,0,0,9,0,0,5.08,6,2:14.56,"15,60",tamam
11.07.2026,İzmir,2,6,DRAGON OF SONG,VOODOO SONG,1900,Kum,İngiliz,18:00,Sprinter/Stalker,-66.46160550687999,6,1.5,-5.25,-1.6700000000000021,-6.23,1.75,-2.58,6724,-1.7,2,-1.0,1,0.07,0.26,0.32,,0.93,0.52,,,1,0,0,6,0,0,12.44,3,2:10.13,"6,85",tamam
11.07.2026,İzmir,2,7,DREAM FOR VICTORY,KLIMT,1900,Kum,İngiliz,18:00,Sprinter/Stalker,-66.46160550687999,5,15.0,2.1,13.3304,0.66,15.0,3.45,6784,-2.4,4,-2.4,1,0.06,0.19,0.19,,0.51,0.5,,,0,0,0,5,0,0,15.98,2,2:09.41,"4,95",tamam
11.07.2026,İzmir,2,8,PERFECT WHITE,GRAYSTORM,1900,Kum,İngiliz,18:00,Sprinter/Stalker,-66.46160550687999,5,5.5,-3.2,3.996800000000001,-3.34,6.75,0.1,6706,-0.8,2,1.0,1,0.22,0.51,0.24,,0.55,0.19,,,0,0,0,3,0,1,4.01,8,2:08.67,"13,85",tamam
11.07.2026,İzmir,2,9,ROSİLDA,CEMCEM,1900,Kum,İngiliz,18:00,Sprinter/Stalker,-66.46160550687999,7,5.5,-0.29,3.3279999999999963,-2.15,8.75,0.54,6739,,0,,0,0.03,0.4,0.25,,0.13,0.48,sik,6,0,0,0,11,0,0,11.83,4,2:17.96,"6,15",tamam
11.07.2026,İzmir,2,10,DR ZELİHA,PAPA CLEM,1900,Kum,İngiliz,18:00,Sprinter/Stalker,-66.46160550687999,1,9.5,9.5,9.330399999999997,9.33,11.75,11.75,6991,-0.8,2,-0.2,1,0.42,0.38,0.23,,4.7,0.45,,,0,0,0,10,0,0,2.24,9,2:16.68,"27,00",tamam
11.07.2026,İzmir,2,11,COME ON BABY,VICTOIRE PISA,1900,Kum,İngiliz,18:00,Sprinter/Stalker,-66.46160550687999,1,5.0,5.0,3.9965999999999977,4.0,6.5,6.5,6969,-0.9,1,0.3,1,0.29,0.32,0.31,,0.09,0.57,,,0,0,0,8,0,0,1.06,11,2:14.05,"47,90",tamam
11.07.2026,İzmir,2,12,GÜLFEM HATUN,STALLION FALCON,1900,Kum,İngiliz,18:00,Sprinter/Stalker,-66.46160550687999,0,,,,,,,,-0.5,1,0.4,1,,,,,0.07,0.4,,,0,0,1,12,0,0,0.24,12,Derecesiz,"161,20",tamam
11.07.2026,İzmir,3,1,DEMİR NİHAT,GÜRGÖKÇE,1400,Kum,Arap,18:30,,,4,2.0,-7.5,-8.327399999999997,-12.58,-7.5,-12.12,6620,,0,,0,0.01,0.69,0.23,32.0,0.4,0.51,,,0,0,0,,0,0,,,,,kosmadi_veya_eslesmedi
11.07.2026,İzmir,3,2,SERDAREFE,OYMAKBEYİ,1400,Kum,Arap,18:30,,,2,7.5,3.75,4.336000000000014,1.0,4.75,1.25,6694,,0,1.7,1,0.11,0.45,0.22,37.23,0.19,0.47,uzun,146,0,0,0,10,0,0,15.23,2,1:48.94,"7,05",tamam
11.07.2026,İzmir,3,3,BAD REFTAR,EMBİR HAN,1400,Kum,Arap,18:30,,,2,4.5,2.75,-0.9963999999999942,-4.16,-2.0,-6.0,6578,-1.6,4,0.6,1,0.02,0.88,0.07,49.09,0.16,0.47,uzun,106,0,0,0,7,0,0,4.97,7,1:42.87,"18,20",tamam
11.07.2026,İzmir,3,4,HOLİGAN,KAIZBERT,1400,Kum,Arap,18:30,,,2,10.5,10.5,7.336000000000014,7.34,7.75,7.75,6685,-3.0,3,,0,3.73,0.71,0.15,38.63,0.01,0.58,uzun,163,1,0,0,5,0,0,10.77,4,1:39.54,"8,75",tamam
11.07.2026,İzmir,3,5,KAYALARIN ŞAHI,KAYAYÜREKLİ,1400,Kum,Arap,18:30,,,4,4.0,-8.5,-1.6617999999999862,-15.83,-4.0,-16.88,6592,-1.5,1,5.1,1,0.3,0.72,0.33,25.54,0.01,0.65,,,0,0,0,3,0,1,32.35,1,1:37.45,"2,10",tamam
11.07.2026,İzmir,3,6,TURBO KING,TURBO,1400,Kum,Arap,18:30,,,7,12.0,7.93,6.668200000000001,1.77,6.75,0.57,6670,-1.1,2,-1.1,1,2.84,0.74,0.21,29.97,2.31,0.48,,,0,0,0,2,0,1,7.26,6,1:37.35,"10,50",tamam
11.07.2026,İzmir,3,7,BARBUDA,ARHANBEY,1400,Kum,Arap,18:30,,,2,7.0,4.0,6.003800000000012,0.34,5.0,-0.5,6587,-0.3,2,0.0,1,0.01,0.8,0.27,9.09,1.97,0.61,,,0,0,0,1,1,1,7.78,5,1:37.15,"7,55",tamam
11.07.2026,İzmir,3,8,YANACAK,AYABAKAN,1400,Kum,Arap,18:30,,,0,,,,,,,,,0,3.9,1,1.03,0.68,0.24,29.23,2.84,0.74,uzun,315,0,0,1,11,0,0,1.81,9,1:49.34,"23,15",tamam
11.07.2026,İzmir,3,9,ÖYKÜLÜ KIZ,ÖZGÜNHAN,1400,Kum,Arap,18:30,,,0,,,,,,,,,0,,0,2.31,0.48,0.3,11.89,0.01,0.27,,,0,0,1,14,0,0,2.69,8,Derecesiz,"24,00",tamam
11.07.2026,İzmir,3,10,ARLİN CAN,TAMERİNOĞLU,1400,Kum,Arap,18:30,,,0,,,,,,,,-2.9,4,1.0,1,2.42,0.43,0.37,8.2,0.3,0.63,uzun,72,0,0,1,12,0,0,0.38,12,1:49.49,"55,05",tamam
11.07.2026,İzmir,3,11,BABA ÇAKMAK,UÇANKRAL,1400,Kum,Arap,18:30,,,1,-25.0,-25.0,-29.994799999999998,-29.99,-32.75,-32.75,6837,-2.8,3,-2.8,1,0.0,0.67,0.33,11.11,2.84,0.74,uzun,132,1,0,0,6,0,0,1.24,10,1:40.03,"39,35",tamam
11.07.2026,İzmir,3,12,HAYALİNOĞLU,HABERKAN,1400,Kum,Arap,18:30,,,0,,,,,,,,,0,4.4,1,0.17,0.81,0.2,22.22,0.4,0.51,,,0,0,1,9,0,0,0.7,11,1:44.21,"47,00",tamam
11.07.2026,İzmir,3,13,AYDINEFESİ,ALİ RUHİ,1400,Kum,Arap,18:30,,,3,-12.0,-12.5,-17.32899999999999,-18.55,-19.0,-19.5,6687,-1.5,1,,0,0.0,0.83,0.31,15.38,0.0,0.5,,,0,0,0,13,0,0,1.08,5,1:51.00,"7,55",tamam
11.07.2026,İzmir,3,14,KISAKÜREK,BABA MEVLÜT,1400,Kum,Arap,18:30,,,0,,,,,,,,-0.7,1,1.1,1,0.42,0.44,0.28,10.95,2.84,0.74,,,0,0,1,8,0,0,0.2,13,1:43.10,"109,65",tamam
11.07.2026,İzmir,4,1,THE ADMIRAL,NATIVE KHAN,1600,Kum,İngiliz,19:00,Sprinter/Stalker,-24.98477358063845,7,12.0,0.57,2.0039999999999996,-9.52,5.5,-6.54,6614,-2.3,2,-1.1,1,1.31,,0.2,,,,,,0,0,0,2,0,1,17.99,2,1:42.75,"4,25",tamam
11.07.2026,İzmir,4,2,CANENCAN,CEMCEM,1600,Kum,İngiliz,19:00,Sprinter/Stalker,-24.98477358063845,6,14.0,8.58,2.0044000000000075,-0.16,9.0,4.25,6635,-4.4,5,0.5,1,0.03,,0.25,,4.7,,,,0,0,0,4,0,0,14.55,3,1:42.96,"5,95",tamam
11.07.2026,İzmir,4,3,BRAVE ORPHAN,CORINTHIAN,1600,Kum,İngiliz,19:00,Sprinter/Stalker,-24.98477358063845,9,22.0,10.0,8.005600000000012,-0.44,10.5,2.83,6676,-1.7,2,-1.2,1,0.03,,0.14,,0.47,,,,0,0,0,6,0,0,53.99,1,1:47.85,"1,40",tamam
11.07.2026,İzmir,4,4,HUMAN TORCH,TIZWAY,1600,Kum,İngiliz,19:00,Sprinter/Stalker,-24.98477358063845,9,7.0,2.72,-1.995599999999996,-8.81,0.5,-5.61,6635,-0.9,1,9.1,1,0.53,,0.13,,0.01,,,,0,0,0,1,1,1,7.57,4,1:42.07,"10,70",tamam
11.07.2026,İzmir,4,5,ATOMİC FORCE,AVERY ISLAND,1600,Kum,İngiliz,19:00,Sprinter/Stalker,-24.98477358063845,1,-5.0,-5.0,-15.995599999999996,-16.0,-13.5,-13.5,6739,-1.8,1,,0,0.11,,0.23,,2.4,,,,0,0,0,7,0,0,2.53,5,1:47.94,"21,10",tamam
11.07.2026,İzmir,4,6,LE ROI DANSE,PAPA CLEM,1600,Kum,İngiliz,19:00,Sprinter/Stalker,-24.98477358063845,3,14.0,5.0,6.669200000000004,-3.0,12.0,1.92,6644,,0,3.5,1,0.42,,0.23,,2.4,,,,0,0,0,5,0,0,1.09,7,1:44.96,"27,50",tamam
11.07.2026,İzmir,4,7,BAHİSÇİ,MENDIP,1600,Kum,İngiliz,19:00,Sprinter/Stalker,-24.98477358063845,8,1.0,-9.44,-4.9950000000000045,-21.08,-0.25,-18.03,6673,-1.9,1,1.3,1,1.22,,0.19,,2.21,,,,0,0,0,3,0,1,2.28,6,1:42.88,"16,70",tamam
11.07.2026,İzmir,5,1,GUREGH,KAYAYÜREKLİ,1400,Kum,Arap,19:30,,,4,1.0,-1.38,-2.220446049250313e-16,-3.75,0.0,-3.44,6762,,0,1.8,1,0.3,0.72,0.33,25.54,0.0,0.44,,,0,0,0,,0,0,,,,,kosmadi_veya_eslesmedi
11.07.2026,İzmir,5,2,SALGUR,KURTÇABEY,1400,Kum,Arap,19:30,,,6,11.0,3.5,9.3336,2.39,9.0,2.46,6686,,0,-0.1,1,0.0,0.74,0.32,12.0,0.31,0.6,,,0,0,0,3,0,1,19.25,2,1:41.51,"2,90",tamam
11.07.2026,İzmir,5,3,HANKUŞ,EMBİR HAN,1400,Kum,Arap,19:30,,,2,-1.0,-2.5,-3.999199999999995,-4.5,-5.0,-5.0,6866,-3.2,3,0.5,1,0.02,0.88,0.07,49.09,1.03,0.68,,,0,0,0,1,1,1,17.91,3,1:40.78,"3,70",tamam
11.07.2026,İzmir,5,4,KINDBERO,KIŞLALI,1400,Kum,Arap,19:30,,,3,2.5,1.17,1.3340000000000032,-0.33,0.5,-0.5,6805,-1.8,3,0.6,1,0.0,1.0,0.0,0.0,0.21,0.56,,,0,0,0,4,0,0,11.59,4,1:41.52,"5,40",tamam
11.07.2026,İzmir,5,5,MERKÜT,ANKA,1400,Kum,Arap,19:30,,,2,9.0,9.0,8.0,8.0,8.0,8.0,6649,-3.5,1,2.7,1,0.49,0.55,0.25,23.53,0.09,0.32,,,1,0,0,7,0,0,2.76,7,1:47.22,"19,05",tamam
11.07.2026,İzmir,5,6,NAKIŞ HAN,GELİBOLU,1400,Kum,Arap,19:30,,,2,2.0,0.5,0.0003999999999981796,-1.0,-0.5,-1.25,6822,-2.4,3,-0.9,1,0.15,0.69,0.21,17.86,0.6,0.62,,,1,0,0,8,0,0,6.44,6,1:52.57,"12,25",tamam
11.07.2026,İzmir,5,7,SERİ UFUK,UFUKBİR,1400,Kum,Arap,19:30,,,2,7.0,7.0,4.000799999999998,3.0,4.0,3.0,6753,-2.8,4,-0.7,1,0.04,0.47,0.19,18.02,1.97,0.61,,,1,0,0,,0,0,,,,,kosmadi_veya_eslesmedi
11.07.2026,İzmir,5,8,TERZİCAN,HIZLITAY,1400,Kum,Arap,19:30,,,2,2.0,1.0,-1.0,-1.0,-1.0,-1.0,6929,-1.3,3,-1.3,1,0.03,0.5,0.2,34.33,0.04,0.85,,,0,0,0,6,0,0,8.82,5,1:41.65,"9,05",tamam
11.07.2026,İzmir,5,9,YAZIRBEYİ,ANKA,1400,Kum,Arap,19:30,,,3,5.0,2.67,3.666799999999995,1.11,3.5,0.5,6950,-2.2,5,-1.8,1,0.49,0.55,0.25,23.53,0.09,0.59,,,0,0,0,5,0,0,2.73,8,1:41.55,"17,50",tamam
11.07.2026,İzmir,6,1,TEMERARIO,BODEMEISTER,1400,Kum,İngiliz,20:00,,,5,19.0,18.8,13.003600000000006,12.74,2.5,2.2,6596,-1.0,1,-0.35,1,0.28,0.61,0.26,24.31,2.98,0.39,,,0,0,0,5,0,0,3.09,5,1:32.74,"17,10",tamam
11.07.2026,İzmir,6,2,BOLT NONSTOP,KING DAVID,1400,Kum,İngiliz,20:00,,,0,,,,,,,,,0,2.3,1,0.78,0.61,0.23,18.35,0.43,0.4,,,0,0,1,8,0,0,0.4,9,1:34.75,"59,30",tamam
11.07.2026,İzmir,6,3,MÖSYÖ DENİZ,APPROVE,1400,Kum,İngiliz,20:00,,,0,,,,,,,,-1.4,2,-1.4,1,0.46,0.67,0.15,38.32,0.82,0.39,,,0,0,1,10,0,0,0.89,7,1:40.18,"21,35",tamam
11.07.2026,İzmir,6,4,PAŞOT,KLIMT,1400,Kum,İngiliz,20:00,,,1,-12.0,-12.0,-17.99639999999999,-18.0,-28.5,-28.5,6708,-2.8,4,-2.8,1,0.06,0.72,0.19,38.89,0.09,0.49,,,0,0,0,1,1,1,66.06,1,1:29.65,"1,65",tamam
11.07.2026,İzmir,6,5,ANKA ERÇELİK,KLIMT,1400,Kum,İngiliz,20:00,,,0,,,,,,,,-2.9,4,-2.9,1,0.06,0.72,0.19,38.89,0.65,0.52,,,0,0,1,2,0,1,2.95,6,1:31.04,"15,75",tamam
11.07.2026,İzmir,6,6,FLOR DA ROSA,RUN AWAY AND HIDE,1400,Kum,İngiliz,20:00,,,2,30.0,26.0,24.003600000000006,20.0,13.5,9.5,6703,-1.1,1,1.0,1,0.27,0.76,0.15,40.32,2.0,0.57,,,0,0,0,6,0,0,5.37,4,1:33.10,"7,90",tamam
11.07.2026,İzmir,6,7,HANİKO DÜDÜKO,BODEMEISTER,1400,Kum,İngiliz,20:00,,,0,,,,,,,,-0.8,1,0.0,1,0.28,0.61,0.26,24.31,2.4,0.53,,,0,0,1,3,0,1,0.81,8,1:32.03,"27,65",tamam
11.07.2026,İzmir,6,8,LADY ECRİN,SUPER ALP,1400,Kum,İngiliz,20:00,,,2,6.0,1.0,-0.6627999999999865,-5.33,-11.5,-16.0,6745,-0.6,1,1.4,1,0.0,1.0,0.0,0.0,0.0,0.0,,,0,0,0,4,0,0,13.89,2,1:32.50,"4,25",tamam
11.07.2026,İzmir,6,9,LADY ESİN,KANEKO,1400,Kum,İngiliz,20:00,,,3,58.0,43.67,53.67320000000001,37.78,39.75,25.92,6668,,0,0.2,1,2.86,0.51,0.23,29.83,2.21,0.55,,,0,0,0,7,0,0,6.25,3,1:33.24,"7,30",tamam
11.07.2026,İzmir,6,10,THE BLACK SONYA,HEMSWORTH,1400,Kum,İngiliz,20:00,,,0,,,,,,,,-1.1,2,-1.1,1,0.04,0.72,0.13,60.0,0.09,0.56,,,0,0,1,9,0,0,0.29,10,1:35.76,"46,60",tamam
11.07.2026,İzmir,7,1,KÜLÜNÇ AĞASI,FATİH AĞA,1900,Kum,Arap,20:30,Sprinter/Stalker,-40.62797981183714,5,-0.5,-4.7,0.33259999999999934,-3.8,2.25,-3.45,6736,-1.3,3,1.2,1,0.1,0.27,0.16,,0.0,0.5,,,0,0,0,5,0,0,11.4,4,2:21.24,"7,10",tamam
11.07.2026,İzmir,7,2,ŞADİNİN OĞLU,DEMİRDÖVEN,1900,Kum,Arap,20:30,Sprinter/Stalker,-40.62797981183714,2,5.0,3.5,5.331600000000002,2.67,6.75,2.62,6733,-0.6,1,0.2,1,0.01,0.15,0.19,,2.31,0.4,,,0,0,0,13,0,0,17.26,2,2:29.65,"3,95",tamam
11.07.2026,İzmir,7,3,DEMİRNAL,FİRİKYA,1900,Kum,Arap,20:30,Sprinter/Stalker,-40.62797981183714,5,5.0,0.9,6.667400000000001,-0.13,4.25,-0.2,6703,-1.2,2,0.7,1,0.0,0.15,0.46,,0.09,0.5,,,1,0,0,2,0,1,19.27,1,2:20.22,"4,35",tamam
11.07.2026,İzmir,7,4,FREE BLOOD,SAADIN GÜCÜ,1900,Kum,Arap,20:30,Sprinter/Stalker,-40.62797981183714,1,3.0,3.0,1.0,1.0,-2.75,-2.75,6660,-4.6,1,-0.5,1,0.21,0.19,0.27,,2.84,0.18,,,0,0,0,1,1,1,4.22,9,2:16.89,"16,45",tamam
11.07.2026,İzmir,7,5,TURBO BEYİ,DEMİRTURBO,1900,Kum,Arap,20:30,Sprinter/Stalker,-40.62797981183714,7,8.0,4.14,27.991199999999985,4.9,27.0,3.75,6696,-1.8,2,-1.7,1,0.0,0.27,0.1,,0.22,0.2,,,0,0,0,12,0,0,12.12,3,2:27.65,"6,45",tamam
11.07.2026,İzmir,7,6,CÖMERT TAY,ONURKAAN,1900,Kum,Arap,20:30,Sprinter/Stalker,-40.62797981183714,2,6.0,4.0,3.6651999999999987,1.83,3.75,1.12,6762,-1.8,2,-1.8,1,0.15,0.27,0.23,,0.09,0.47,,,0,0,0,14,0,0,7.73,6,2:42.60,"10,25",tamam
11.07.2026,İzmir,7,7,DEMON HUNTER,BAŞ HÜKÜMDAR,1900,Kum,Arap,20:30,Sprinter/Stalker,-40.62797981183714,5,5.0,-2.0,0.6703999999999999,-4.87,-1.5,-6.7,6720,-5.5,2,-0.7,1,0.0,0.15,0.06,,0.46,0.17,,,0,0,0,8,0,0,7.9,5,2:23.49,"9,95",tamam
11.07.2026,İzmir,7,8,SARPDAĞ,BAHARŞAH,1900,Kum,Arap,20:30,Sprinter/Stalker,-40.62797981183714,0,,,,,,,,,0,,0,0.0,0.25,0.24,,0.7,0.2,uzun,212,0,0,1,15,0,0,0.6,13,Derecesiz,"64,30",tamam
11.07.2026,İzmir,7,9,BEREKETGELDİ,DEMİRDÖVEN,1900,Kum,Arap,20:30,Sprinter/Stalker,-40.62797981183714,3,23.0,4.17,27.664,5.89,29.5,4.17,6740,-0.9,1,-0.9,1,0.01,0.15,0.19,,0.01,0.33,,,1,0,0,,0,0,,,,,kosmadi_veya_eslesmedi
11.07.2026,İzmir,7,10,YOL GEZER,ÖZGÜNHAN,1900,Kum,Arap,20:30,Sprinter/Stalker,-40.62797981183714,0,,,,,,,,-5.0,3,2.0,1,2.31,0.4,0.3,,2.66,0.36,,,0,0,1,3,0,1,6.7,7,2:20.59,"9,95",tamam
11.07.2026,İzmir,7,11,ANADOLU MUHAFIZI,TAYKUT,1900,Kum,Arap,20:30,Sprinter/Stalker,-40.62797981183714,2,-0.5,-1.25,-4.0,-4.0,-5.25,-5.38,6837,-2.6,4,-2.6,1,0.01,0.18,0.08,,1.1,0.27,,,0,0,0,,0,0,,,,,kosmadi_veya_eslesmedi
11.07.2026,İzmir,7,12,DATCA,SERDÜMEN,1900,Kum,Arap,20:30,Sprinter/Stalker,-40.62797981183714,5,9.0,-3.7,4.670400000000001,-3.47,0.5,-3.85,6815,-2.6,6,0.1,1,0.1,0.29,0.25,,0.33,0.36,,,1,0,0,9,0,0,2.01,11,2:24.01,"33,80",tamam
11.07.2026,İzmir,7,13,POTRO,BAŞ HÜKÜMDAR,1900,Kum,Arap,20:30,Sprinter/Stalker,-40.62797981183714,0,,,,,,,,,0,,0,0.0,0.15,0.06,,2.84,0.18,,,0,0,1,10,0,0,0.61,12,2:24.08,"63,90",tamam
11.07.2026,İzmir,7,14,ASEL SULTAN,GÜMBÜRGÜMBÜR,1900,Kum,Arap,20:30,Sprinter/Stalker,-40.62797981183714,0,,,,,,,,-0.9,1,-0.9,1,0.02,0.14,0.15,,1.03,0.24,,,0,0,1,7,0,0,0.42,15,2:22.07,"88,15",tamam
11.07.2026,İzmir,7,15,KRAL ATLAS,TAYKUT,1900,Kum,Arap,20:30,Sprinter/Stalker,-40.62797981183714,4,8.0,4.25,17.9952,5.5,18.0,4.0,6844,-3.3,1,0.1,1,0.01,0.18,0.08,,0.0,0.17,,,0,0,0,11,0,0,4.59,8,2:24.63,"17,15",tamam
11.07.2026,İzmir,7,16,HÜKÜMDAR KIZ,BAŞ HÜKÜMDAR,1900,Kum,Arap,20:30,Sprinter/Stalker,-40.62797981183714,2,0.0,-1.0,1.9975999999999985,-1.0,3.5,-1.0,6836,-1.6,2,3.9,1,0.0,0.15,0.06,,0.0,0.08,,,0,0,0,6,0,0,0.44,14,2:21.26,"80,15",tamam
11.07.2026,Diyarbakır,1,1,COME AND SEE,BLUEGRASS CAT,1800,Kum,İngiliz,21:00,Kaçak/Stalker,75.09938042144,8,3.0,-5.0,9.002000000000002,-1.83,11.0,-0.38,6638,,0,5.5,1,0.25,0.16,,36.26,2.0,0.25,,,0,0,0,,0,0,,,,,kosmadi_veya_eslesmedi
11.07.2026,Diyarbakır,1,2,BERMEDEE,AUTHORIZED,1800,Kum,İngiliz,21:00,Kaçak/Stalker,75.09938042144,6,-2.0,-5.92,5.993999999999998,-1.95,6.75,-2.08,6619,-4.0,2,2.05,1,0.33,0.6,,20.75,2.21,0.24,,,1,0,0,3,0,1,11.81,5,2:09.56,"9,15",tamam
11.07.2026,Diyarbakır,1,3,KING ANCESTOR,INVINCIBLE SON,1800,Kum,İngiliz,21:00,Kaçak/Stalker,75.09938042144,10,14.0,0.3,21.997000000000003,3.07,25.75,3.73,6693,,0,4.3,1,0.41,0.41,,14.98,,,,,0,0,0,4,0,0,10.37,6,2:09.69,"6,75",tamam
11.07.2026,Diyarbakır,1,4,SERREŞ,EUPRHATES,1800,Kum,İngiliz,21:00,Kaçak/Stalker,75.09938042144,8,8.5,-0.38,15.996999999999998,2.38,19.0,2.0,6726,-2.5,3,0.6,1,0.04,0.41,,40.62,0.02,0.0,,,0,0,0,1,1,1,14.99,2,2:08.59,"4,20",tamam
11.07.2026,Diyarbakır,1,5,TALADRRO,TILSIT,1800,Kum,İngiliz,21:00,Kaçak/Stalker,75.09938042144,3,9.0,4.17,12.998000000000012,6.0,15.5,7.08,6852,,0,3.4,1,0.03,0.15,,52.94,,,,,0,0,0,8,0,0,1.8,9,2:20.36,"57,65",tamam
11.07.2026,Diyarbakır,1,6,THON KHITCHIBA,KAMEKO,1800,Kum,İngiliz,21:00,Kaçak/Stalker,75.09938042144,7,1.0,-1.71,3.998400000000011,1.52,3.5,1.25,6803,,0,5.0,1,,,,,0.12,1.0,,,0,0,0,6,0,0,5.07,8,2:10.23,"19,40",tamam
11.07.2026,Diyarbakır,1,7,BAD BOYS,BLUEGRASS CAT,1800,Kum,İngiliz,21:00,Kaçak/Stalker,75.09938042144,4,11.0,3.88,12.000400000000006,6.67,15.0,6.94,6908,,0,4.5,1,0.25,0.16,,36.26,0.61,0.15,,,0,0,0,5,0,0,7.44,7,2:09.92,"9,70",tamam
11.07.2026,Diyarbakır,1,8,BLUE RANSOM,BLUEGRASS CAT,1800,Kum,İngiliz,21:00,Kaçak/Stalker,75.09938042144,3,11.0,2.83,17.329000000000004,6.89,16.0,6.0,6864,-2.5,2,-1.6,1,0.25,0.16,,36.26,0.0,0.0,,,0,0,0,2,0,1,22.02,1,2:08.87,"2,80",tamam
11.07.2026,Diyarbakır,1,9,KING BOREAS,TIZWAY,1800,Kum,İngiliz,21:00,Kaçak/Stalker,75.09938042144,7,-1.0,-3.43,6.997600000000006,0.29,7.5,0.18,6844,,0,0.1,1,0.53,0.28,,38.52,0.0,0.17,,,0,0,0,9,0,0,12.68,4,2:26.84,"6,35",tamam
11.07.2026,Diyarbakır,2,1,ŞEŞENSULTANI,ŞİMŞEĞİNOĞLU,2000,Kum,Arap,21:30,Sprinter/Stalker,-34.0,4,16.0,9.5,19.33720000000001,11.59,14.0,7.38,6445,,0,,0,0.04,0.21,0.19,,0.08,0.23,uzun,96,0,0,0,13,0,0,4.26,8,3:00.72,"17,05",tamam
11.07.2026,Diyarbakır,2,2,ESKİ KALELİ,SONALP,2000,Kum,Arap,21:30,Sprinter/Stalker,-34.0,4,-4.5,-8.75,-2.998199999999999,-6.41,-5.75,-9.75,6751,,0,4.4,1,0.29,0.28,0.3,,0.5,0.34,,,0,0,0,12,0,0,11.94,3,3:00.06,"7,60",tamam
11.07.2026,Diyarbakır,2,3,YUSUF KAPTAN,ALTINCI HİS,2000,Kum,Arap,21:30,Sprinter/Stalker,-34.0,8,-9.5,-17.75,-3.9983999999999895,-13.37,-5.75,-16.09,6645,,0,,0,0.01,0.47,0.25,,0.32,0.37,sik,5,0,0,0,5,0,0,2.81,10,2:37.75,"25,20",tamam
11.07.2026,Diyarbakır,2,4,SABIR ÇİÇEĞİ,ÖZGÜNHAN,2000,Kum,Arap,21:30,Sprinter/Stalker,-34.0,8,3.0,-2.75,6.000800000000011,1.0,3.75,-1.66,6474,-0.3,1,7.9,1,2.31,0.4,0.3,,0.12,0.49,,,1,0,0,1,1,1,7.65,7,2:34.39,"13,15",tamam
11.07.2026,Diyarbakır,2,5,ARAPÇELİK,KAIZBERT,2000,Kum,Arap,21:30,Sprinter/Stalker,-34.0,4,1.5,-3.5,4.3348,0.67,3.0,-1.12,6625,,0,,0,3.73,0.21,0.15,,0.0,0.0,,,0,0,0,7,0,0,13.28,1,2:38.84,"3,05",tamam
11.07.2026,Diyarbakır,2,6,ÇİLOBEY,KURUŞAĞA,2000,Kum,Arap,21:30,Sprinter/Stalker,-34.0,2,7.0,0.25,5.668800000000005,1.83,1.0,0.0,6888,,0,4.0,1,0.08,0.55,0.31,,0.7,0.2,,,0,0,0,2,0,1,14.67,2,2:34.39,"5,10",tamam
11.07.2026,Diyarbakır,2,7,HİLVANLIM,AKTAŞOĞLU,2000,Kum,Arap,21:30,Sprinter/Stalker,-34.0,6,2.5,-5.67,5.3348,-0.89,4.0,-2.17,6637,-1.1,1,,0,0.0,0.0,0.33,,0.08,0.23,,,1,0,0,6,0,0,10.19,6,2:37.87,"7,30",tamam
11.07.2026,Diyarbakır,2,8,MUFUKCAN,EFEM,2000,Kum,Arap,21:30,Sprinter/Stalker,-34.0,0,,,,,,,,,0,,0,0.11,0.26,0.37,,0.66,0.36,,,0,0,1,15,0,0,1.76,11,3:06.67,"36,85",tamam
11.07.2026,Diyarbakır,2,9,ÖNDER,AYABAKAN,2000,Kum,Arap,21:30,Sprinter/Stalker,-34.0,1,-27.0,-27.0,-24.665599999999998,-24.67,-18.25,-18.25,6873,-1.7,4,-0.1,1,1.03,0.24,0.24,,2.66,0.36,,,0,0,0,9,0,0,1.21,12,2:50.02,"51,30",tamam
11.07.2026,Diyarbakır,2,10,TARGUTAY,YAMANER,2000,Kum,Arap,21:30,Sprinter/Stalker,-34.0,4,-3.0,-9.75,1.6706000000000074,-4.83,-2.25,-8.44,6400,-3.0,1,4.5,1,0.0,0.0,0.5,,0.46,0.17,,,0,0,0,14,0,0,10.36,5,3:02.91,"9,00",tamam
11.07.2026,Diyarbakır,2,11,YALNIZ BABA,SAKARBAŞI,2000,Kum,Arap,21:30,Sprinter/Stalker,-34.0,4,3.5,-1.62,6.3348,3.67,4.0,0.38,6531,,0,,0,0.05,0.23,0.3,,0.13,0.23,,,0,0,0,4,0,0,2.42,1,2:36.34,"3,05",tamam
11.07.2026,Diyarbakır,2,12,CİNDERELLA,ARASLI,2000,Kum,Arap,21:30,Sprinter/Stalker,-34.0,6,1.0,-3.0,7.335400000000007,0.67,4.75,-2.12,6708,,0,2.9,1,0.3,0.28,0.32,,0.05,0.34,,,0,0,0,8,0,0,3.34,9,2:46.79,"22,60",tamam
11.07.2026,Diyarbakır,2,13,KARA KORSAN,ÖZHABER,2000,Kum,Arap,21:30,Sprinter/Stalker,-34.0,0,,,,,,,,,0,4.2,1,0.6,0.27,0.25,,1.97,0.29,,,0,0,1,3,0,1,1.01,13,2:36.28,"64,15",tamam
11.07.2026,Diyarbakır,2,14,MELİHİN İZİ,ÖZHABER,2000,Kum,Arap,21:30,Sprinter/Stalker,-34.0,1,-5.0,-5.0,-2.9949999999999894,-2.99,-8.75,-8.75,6743,-0.1,2,1.5,1,0.6,0.27,0.25,,1.97,0.29,,,0,0,0,11,0,0,11.45,4,2:54.45,"6,50",tamam
11.07.2026,Diyarbakır,2,15,DEVRİALEM,TAMERİNOĞLU,2000,Kum,Arap,21:30,Sprinter/Stalker,-34.0,3,4.0,-11.33,7.002800000000007,-8.0,3.0,-12.33,6542,,0,,0,2.42,0.45,0.37,,0.38,0.23,,,0,0,0,10,0,0,3.66,1,2:54.43,"3,05",tamam
11.07.2026,Diyarbakır,3,1,ALTUNCAN,EUPRHATES,1900,Kum,İngiliz,22:00,,,5,4.0,-0.1,14.9952,4.13,21.25,8.35,6810,,0,2.0,1,0.04,0.41,0.31,40.62,0.73,0.21,,,0,0,0,1,1,1,48.16,1,2:18.16,"1,60",tamam
11.07.2026,Diyarbakır,3,2,MİRA CETİ,SHAMALGAN,1900,Kum,İngiliz,22:00,,,5,-10.0,-12.6,-6.334400000000002,-9.27,-4.5,-7.4,6799,,0,,0,0.0,0.0,0.5,0.0,0.0,0.0,,,1,0,0,3,0,1,8.83,4,2:19.44,"8,90",tamam
11.07.2026,Diyarbakır,3,3,LADY SCREAM,TILSIT,1900,Kum,İngiliz,22:00,,,4,4.0,-1.5,6.9968,1.25,11.5,5.0,6885,,0,,0,0.03,0.15,0.06,52.94,0.52,0.25,,,0,0,0,8,0,0,11.38,3,2:38.33,"5,85",tamam
11.07.2026,Diyarbakır,3,4,PİTON KIZ,MER DE GLACE,1900,Kum,İngiliz,22:00,,,5,8.0,-2.8,12.663600000000002,-0.07,15.5,2.6,6784,-0.7,1,0.6,1,0.0,0.2,0.33,16.67,,,,,0,0,0,2,0,1,2.66,8,2:18.96,"26,00",tamam
11.07.2026,Diyarbakır,3,5,ÜNLÜ EKİN,ÜNLÜOĞLU,1900,Kum,İngiliz,22:00,,,3,7.0,5.33,8.665599999999998,7.67,10.75,10.25,6777,-3.4,1,5.0,1,,,,,2.0,0.25,,,0,0,0,6,0,0,5.57,5,2:29.40,"16,40",tamam
11.07.2026,Diyarbakır,3,6,VITA BELLATRIX,BATTLEGROUND,1900,Kum,İngiliz,22:00,,,2,10.5,6.75,13.9964,10.0,18.25,14.12,6873,-3.1,2,-3.1,1,0.02,0.21,0.05,50.0,2.0,0.25,,,1,0,0,7,0,0,16.59,2,2:30.38,"4,45",tamam
11.07.2026,Diyarbakır,3,7,LIGHT TO VICTORY,EPAULETTE,1900,Kum,İngiliz,22:00,,,3,-5.0,-13.17,-1.3355999999999995,-10.22,1.5,-6.92,6975,,0,-0.1,1,0.13,0.25,0.3,30.43,1.35,0.39,,,0,0,0,4,0,0,2.67,7,2:22.36,"17,90",tamam
11.07.2026,Diyarbakır,3,8,ÇEVİK PRENSES,TU BRUTUS,1900,Kum,İngiliz,22:00,,,2,-2.0,-2.0,0.6648000000000067,0.66,3.5,3.5,7191,,0,2.2,1,0.01,0.0,0.08,15.38,0.2,0.4,,,0,0,0,5,0,0,4.14,6,2:23.00,"18,80",tamam
11.07.2026,Diyarbakır,4,1,GÜMÜŞÇELİK,TEK YÜREK,1200,Kum,Arap,22:30,,,2,6.0,3.5,5.334399999999991,5.33,4.5,3.75,6940,,0,3.1,1,0.0,1.0,0.0,0.0,2.84,0.74,,,0,0,0,1,1,1,30.28,1,1:33.02,"3,25",tamam
11.07.2026,Diyarbakır,4,2,NECAT,ORHUNKAAN,1200,Kum,Arap,22:30,,,0,,,,,,,,,0,1.3,1,0.0,0.0,0.0,0.0,1.1,0.57,,,0,0,1,5,0,0,5.48,5,1:36.58,"13,85",tamam
11.07.2026,Diyarbakır,4,3,ATEŞKARTAL,ORHUNKAAN,1200,Kum,Arap,22:30,,,1,-3.0,-3.0,-3.6676000000000037,-3.67,-3.5,-3.5,6921,,0,2.2,1,0.0,0.0,0.0,0.0,0.05,0.53,,,0,0,0,7,0,0,32.29,2,1:53.51,"1,90",tamam
11.07.2026,Diyarbakır,4,4,ELİFNAZ HANIM,BALALAYKA,1200,Kum,Arap,22:30,,,2,-5.0,-7.5,-0.0052000000000056446,-0.34,5.5,1.25,7077,-1.2,1,-1.2,1,0.0,0.0,0.0,0.0,0.09,0.64,,,0,0,0,2,0,1,7.86,4,1:33.49,"8,90",tamam
11.07.2026,Diyarbakır,4,5,TİGRİS HANIM,BİLDENHAN,1200,Kum,Arap,22:30,,,2,1.0,-6.0,10.994799999999998,1.0,16.5,3.5,6907,,0,,0,,,,,0.07,0.47,,,0,0,0,6,0,0,18.19,3,1:36.77,"5,35",tamam
11.07.2026,Diyarbakır,4,6,CAN EMİR CAN,AKARÇAY,1200,Kum,Arap,22:30,,,0,,,,,,,,,0,-0.65,1,0.0,0.75,0.0,54.55,0.19,0.68,,,0,0,1,,0,0,,,,,kosmadi_veya_eslesmedi
11.07.2026,Diyarbakır,4,7,ŞAH TUNALI,TALİPHAN,1200,Kum,Arap,22:30,,,0,,,,,,,,-1.7,2,,0,0.0,1.0,0.22,11.11,0.5,0.55,,,0,0,1,3,0,1,2.35,1,1:33.76,"3,25",tamam
11.07.2026,Diyarbakır,4,8,URFA KAPLANI,BALALAYKA,1200,Kum,Arap,22:30,,,0,,,,,,,,,0,,0,0.0,0.0,0.0,0.0,0.0,0.92,,,0,0,1,4,0,0,2.36,6,1:34.73,"9,55",tamam
11.07.2026,Diyarbakır,5,1,ORTAK GÜÇ,TU BRUTUS,1700,Kum,İngiliz,23:00,,,7,-5.0,-11.5,-3.9968000000000075,-12.67,-6.0,-11.71,6558,-4.5,4,0.2,1,0.01,,0.08,15.38,4.7,,,,0,0,0,2,0,1,5.21,8,1:59.89,"17,70",tamam
11.07.2026,Diyarbakır,5,2,CHAIN BREAKER,APPROVE,1700,Kum,İngiliz,23:00,,,4,3.0,-7.12,5.331999999999994,-2.92,7.0,-0.69,6593,,0,3.35,1,0.46,,0.15,38.32,4.7,,,,0,0,0,5,0,0,11.73,4,2:00.73,"9,40",tamam
11.07.2026,Diyarbakır,5,3,LAST SYMPHONY,AVERY ISLAND,1700,Kum,İngiliz,23:00,,,4,-10.0,-29.12,-6.336000000000012,-24.01,-3.0,-20.12,6422,,0,,0,0.11,,0.23,32.39,1.01,,,,0,0,0,8,0,0,9.02,5,2:01.34,"6,80",tamam
11.07.2026,Diyarbakır,5,4,CALIBRATION,TEMPLE CITY*,1700,Kum,İngiliz,23:00,,,6,1.0,-5.67,5.332799999999992,-2.0,8.0,0.42,6610,,0,,0,0.02,,0.0,33.33,0.0,,,,0,0,0,4,0,0,13.55,3,2:00.61,"6,35",tamam
11.07.2026,Diyarbakır,5,5,SPEEDING BULLET,APPROVE,1700,Kum,İngiliz,23:00,,,3,-0.5,-5.33,5.329799999999992,-2.78,9.25,-0.25,6683,,0,,0,0.46,,0.15,38.32,1.89,,,,0,0,0,6,0,0,24.44,1,2:00.77,"3,70",tamam
11.07.2026,Diyarbakır,5,6,SELANİK PRENSİ,MENDIP,1700,Kum,İngiliz,23:00,,,2,7.0,3.25,9.331999999999994,7.33,11.0,10.12,6792,-0.8,1,7.5,1,1.22,,0.19,37.94,1.85,,,,0,0,0,3,0,1,19.58,2,2:00.52,"4,25",tamam
11.07.2026,Diyarbakır,5,7,GRACİAS SİNYOR,NATIVE KHAN,1700,Kum,İngiliz,23:00,,,1,-5.5,-5.5,0.3297999999999921,0.33,4.25,4.25,7112,,0,,0,1.31,,0.2,28.45,0.51,,,,1,0,0,9,0,0,6.19,7,2:09.59,"11,35",tamam
11.07.2026,Diyarbakır,5,8,DAYWALKER,TIZWAY,1700,Kum,İngiliz,23:00,,,1,-2.0,-2.0,2.997599999999992,3.0,6.0,6.0,6728,,0,,0,0.53,,0.13,38.52,0.0,,,,0,0,0,1,1,1,6.99,6,1:59.23,"4,85",tamam
11.07.2026,Diyarbakır,5,9,MY INVENTION,VICTORY GALLOP,1700,Kum,İngiliz,23:00,,,0,,,,,,,,-1.2,3,2.2,1,4.7,,0.3,16.08,0.32,,uzun,224,0,0,1,7,0,0,3.28,9,2:01.23,"14,30",tamam
11.07.2026,Diyarbakır,6,1,ANGEL OF DONYA,ANGEL OF DEATH,1200,Kum,İngiliz,23:30,,,2,9.0,5.5,4.0068000000000055,0.17,-1.0,-5.0,6778,,0,,0,0.0,1.0,0.0,0.0,0.06,0.76,,,1,0,0,4,0,0,18.99,2,1:24.43,"4,25",tamam
11.07.2026,Diyarbakır,6,2,GENERAL MARCELLA,NOBEL PRIZE,1200,Kum,İngiliz,23:30,,,2,-13.0,-13.0,-17.3268,-17.33,-22.0,-22.0,7186,-3.7,2,-0.1,1,0.01,0.33,0.2,13.33,,,,,0,0,0,8,0,0,12.91,3,1:25.20,"8,35",tamam
11.07.2026,Diyarbakır,6,3,SECRET GIRL,ELARQAM,1200,Kum,İngiliz,23:30,,,2,14.0,13.5,10.0064,9.34,5.5,4.75,6856,,0,4.6,1,0.0,0.0,0.0,0.0,0.0,0.0,,,0,0,0,7,0,0,6.68,5,1:24.80,"18,80",tamam
11.07.2026,Diyarbakır,6,4,DAUGHTER OF VICTOR,AYRTON,1200,Kum,İngiliz,23:30,,,1,24.0,24.0,20.339199999999998,20.34,16.5,16.5,7074,,0,4.6,1,0.02,0.67,0.25,50.0,0.0,0.56,,,0,0,0,1,1,1,4.34,7,1:22.75,"14,65",tamam
11.07.2026,Diyarbakır,6,5,KUMSAL STAR,KING OF THE SUN,1200,Kum,İngiliz,23:30,,,0,,,,,,,,-2.0,3,-0.1,1,0.0,0.0,0.25,0.0,2.86,0.51,,,0,0,1,9,0,0,1.27,11,1:25.36,"42,80",tamam
11.07.2026,Diyarbakır,6,6,LOVESICK GRILS,HEP BERABER,1200,Kum,İngiliz,23:30,,,1,-13.0,-13.0,-17.3268,-17.33,-22.0,-22.0,7335,,0,0.7,1,0.03,1.0,0.09,47.83,0.03,0.57,,,0,0,0,3,0,1,29.98,1,1:23.01,"2,65",tamam
11.07.2026,Diyarbakır,6,7,MAYBE FOR US,CATAPULT,1200,Kum,İngiliz,23:30,,,0,,,,,,,,,0,1.2,1,0.05,0.61,0.06,51.02,4.7,0.39,,,0,0,1,6,0,0,0.74,14,1:24.76,"53,45",tamam
11.07.2026,Diyarbakır,6,8,MY ŞEKERİM,MENDIP,1200,Kum,İngiliz,23:30,,,0,,,,,,,,,0,6.4,1,1.22,0.53,0.19,37.94,2.86,0.51,,,0,0,1,14,0,0,2.64,9,1:31.54,"16,75",tamam
11.07.2026,Diyarbakır,6,9,PINAR,KIRDEMİRKIR,1200,Kum,İngiliz,23:30,,,1,-11.0,-11.0,-15.3268,-15.33,-20.0,-20.0,7083,,0,3.4,1,0.1,0.75,0.04,34.78,0.0,0.0,,,0,0,0,5,0,0,9.43,4,1:24.62,"5,35",tamam
11.07.2026,Diyarbakır,6,10,VALENTINE GIRL,CİHANIM,1200,Kum,İngiliz,23:30,,,2,32.0,20.5,27.006800000000002,15.17,22.0,10.0,7191,,0,,0,0.01,0.0,0.33,0.0,0.11,0.32,,,1,0,0,2,0,1,3.7,8,1:22.98,"22,80",tamam
11.07.2026,Diyarbakır,6,11,VOOYASUB,GENERAL QUARTERS,1200,Kum,İngiliz,23:30,,,1,26.0,26.0,22.339199999999998,22.34,18.5,18.5,6949,,0,13.1,1,0.74,0.55,0.24,28.46,1.22,0.53,,,0,0,0,11,0,0,5.07,6,1:26.68,"12,75",tamam
11.07.2026,Diyarbakır,6,12,ZEHRA HİRA,LION KING,1200,Kum,İngiliz,23:30,,,1,13.0,13.0,8.006800000000005,8.01,3.0,3.0,6721,,0,-0.3,1,0.0,0.45,0.09,27.27,0.12,0.74,,,0,0,0,15,0,0,1.51,10,1:31.72,"28,75",tamam
11.07.2026,Diyarbakır,6,13,OTTO MOYE,LION KING,1200,Kum,İngiliz,23:30,,,0,,,,,,,,,0,,0,0.0,0.45,0.09,27.27,1.22,0.53,,,0,0,1,13,0,0,1.15,12,1:29.13,"39,90",tamam
11.07.2026,Diyarbakır,6,14,MERYEMCAN,SHARPA,1200,Kum,İngiliz,23:30,,,0,,,,,,,,,0,1.0,1,0.0,0.0,0.0,100.0,0.45,0.43,,,0,0,1,10,0,0,0.94,13,1:25.64,"66,55",tamam
11.07.2026,Diyarbakır,6,15,SHOT HILL,TRAPPE SHOT,1200,Kum,İngiliz,23:30,,,0,,,,,,,,,0,2.7,1,0.32,0.67,0.19,24.03,0.0,0.0,,,0,0,1,12,0,0,0.65,10,1:28.75,"28,75",tamam
12.07.2026,İstanbul,1,1,SOLİDO HERMANOS,MENDIP,2200,Çim,İngiliz,14:00,Kaçak/Stalker,75.173453528233,3,16.0,1.67,26.665399999999998,7.78,33.5,9.5,6640,-2.1,4,-1.5,1,1.22,0.2,,37.94,,,,,0,0,0,,,,,,,,sonuc_bekliyor
12.07.2026,İstanbul,1,2,SIR AT,KANEKO,2200,Çim,İngiliz,14:00,Kaçak/Stalker,75.173453528233,6,31.5,5.0,33.0034,8.34,34.5,8.62,6677,,0,-1.0,1,2.86,0.31,,29.83,0.0,0.0,,,0,0,0,,,,,,,,sonuc_bekliyor
12.07.2026,İstanbul,1,3,SIRIUS VEGA,LORD OF ENGLAND,2200,Çim,İngiliz,14:00,Kaçak/Stalker,75.173453528233,6,-3.5,-4.25,1.3362000000000043,-0.33,1.5,-1.83,6655,-2.0,1,3.5,1,0.0,0.67,,66.67,0.03,0.39,,,0,0,0,,,,,,,,sonuc_bekliyor
12.07.2026,İstanbul,1,4,LION ICARDI,HAKEEM,2200,Çim,İngiliz,14:00,Kaçak/Stalker,75.173453528233,9,11.0,6.61,13.668600000000005,9.93,12.75,8.64,6687,-2.8,2,0.4,1,0.73,0.29,,29.82,2.21,0.24,,,0,0,0,,,,,,,,sonuc_bekliyor
12.07.2026,İstanbul,1,5,STAIN FREE,DUTYFREE,2200,Çim,İngiliz,14:00,Kaçak/Stalker,75.173453528233,0,,,,,,,,,0,3.2,1,0.1,0.35,,27.93,2.98,0.4,uzun,245,0,0,1,,,,,,,,sonuc_bekliyor
12.07.2026,İstanbul,1,6,KING OF TIME,HAKEEM,2200,Çim,İngiliz,14:00,Kaçak/Stalker,75.173453528233,4,12.0,2.0,19.0002,5.83,16.25,6.69,6733,,0,4.8,1,0.73,0.29,,29.82,4.7,0.42,,,0,0,0,,,,,,,,sonuc_bekliyor
12.07.2026,İstanbul,1,7,PAPA RUNNER,PAPA CLEM,2200,Çim,İngiliz,14:00,Kaçak/Stalker,75.173453528233,5,15.5,1.5,31.3304,6.34,37.0,6.15,6670,-1.0,1,-0.4,1,0.42,0.39,,28.14,1.85,0.38,,,0,0,0,,,,,,,,sonuc_bekliyor
12.07.2026,İstanbul,1,8,SENKRON,AUTHORIZED,2200,Çim,İngiliz,14:00,Kaçak/Stalker,75.173453528233,3,0.0,-2.33,8.999400000000001,1.78,6.75,-0.25,6703,-2.8,3,-0.8,1,0.33,0.47,,20.75,1.89,0.28,,,0,0,0,,,,,,,,sonuc_bekliyor
12.07.2026,İstanbul,1,9,SARILAR KIZI,MENDIP,2200,Çim,İngiliz,14:00,Kaçak/Stalker,75.173453528233,3,8.0,3.17,8.6678,4.67,8.75,3.83,6799,-0.6,2,-0.6,1,1.22,0.2,,37.94,0.3,0.19,,,0,0,0,,,,,,,,sonuc_bekliyor
12.07.2026,İstanbul,1,10,ROSARIO,APPROVE,2200,Çim,İngiliz,14:00,Kaçak/Stalker,75.173453528233,2,-12.0,-12.0,-9.997800000000002,-10.0,-11.25,-11.25,6828,-3.0,3,-3.0,1,0.46,0.11,,38.32,0.02,0.0,,,0,0,0,,,,,,,,sonuc_bekliyor
12.07.2026,İstanbul,1,11,MY FOUNTAIN,COOGER,2200,Çim,İngiliz,14:00,Kaçak/Stalker,75.173453528233,0,,,,,,,,-4.0,4,-4.0,1,0.25,0.45,,5.0,2.4,0.24,,,0,0,1,,,,,,,,sonuc_bekliyor
12.07.2026,İstanbul,1,12,HOLY BEERY,TOROK,2200,Çim,İngiliz,14:00,Kaçak/Stalker,75.173453528233,0,,,,,,,,,0,1.3,1,2.74,0.34,,20.87,4.7,0.42,,,0,0,1,,,,,,,,sonuc_bekliyor
12.07.2026,İstanbul,2,1,GÜLALP KIZI,BESLENEY,1900,Çim,Arap,14:30,Sprinter/Stalker,-54.70160950154,9,19.0,-2.56,19.336600000000008,-5.07,18.75,-6.0,6658,,0,-3.0,1,0.02,0.21,0.37,,2.26,0.32,,,0,0,0,,,,,,,,sonuc_bekliyor
12.07.2026,İstanbul,2,2,GECE GÜZELİ,GÜRSU,1900,Çim,Arap,14:30,Sprinter/Stalker,-54.70160950154,5,15.5,3.5,10.67400000000001,-0.4,10.0,-2.8,6699,,0,1.05,1,0.31,0.12,0.2,,2.31,0.39,,,0,0,0,,,,,,,,sonuc_bekliyor
12.07.2026,İstanbul,2,3,SEMRAKAYA,YÜREKKAYA,1900,Çim,Arap,14:30,Sprinter/Stalker,-54.70160950154,2,-8.0,-10.0,-9.335999999999991,-12.33,-8.25,-11.38,6649,,0,1.0,1,0.01,0.12,0.31,,0.07,0.0,,,1,0,0,,,,,,,,sonuc_bekliyor
12.07.2026,İstanbul,2,4,YEŞİLKAYA,DEMİRTURBO,1900,Çim,Arap,14:30,Sprinter/Stalker,-54.70160950154,2,5.5,-1.75,-1.329599999999993,-5.5,-4.25,-8.0,6623,-0.2,1,-0.2,1,0.0,0.0,0.1,,0.32,0.3,,,0,0,0,,,,,,,,sonuc_bekliyor
12.07.2026,İstanbul,2,5,BERAY SULTAN,MİNİFHAT OĞLU,1900,Çim,Arap,14:30,Sprinter/Stalker,-54.70160950154,1,-15.0,-15.0,-15.663599999999992,-15.66,-17.75,-17.75,6701,,0,1.0,1,0.01,0.0,0.14,,0.67,0.22,,,0,0,0,,,,,,,,sonuc_bekliyor
12.07.2026,İstanbul,2,6,ESENYIL,UÇANBEY,1900,Çim,Arap,14:30,Sprinter/Stalker,-54.70160950154,1,-3.0,-3.0,-5.3308000000000035,-5.33,-5.25,-5.25,6796,,0,4.2,1,0.51,0.23,0.35,,3.73,0.19,,,0,0,0,,,,,,,,sonuc_bekliyor
12.07.2026,İstanbul,2,7,SEDEFLİ,SERDÜMEN,1900,Çim,Arap,14:30,Sprinter/Stalker,-54.70160950154,0,,,,,,,,-3.0,2,-3.0,1,0.1,0.06,0.25,,0.04,0.03,,,0,0,1,,,,,,,,sonuc_bekliyor
12.07.2026,İstanbul,2,8,ZİNAMIN,UÇANBEY,1900,Çim,Arap,14:30,Sprinter/Stalker,-54.70160950154,1,-5.5,-5.5,-10.661799999999996,-10.66,-13.5,-13.5,6897,-2.8,3,-1.2,1,0.51,0.23,0.35,,0.7,0.22,,,1,0,0,,,,,,,,sonuc_bekliyor
12.07.2026,İstanbul,3,1,BOAZ,PAPA CLEM,1200,Sentetik,İngiliz,15:00,,,7,21.0,10.36,20.668799999999994,10.53,18.0,7.18,6568,-2.3,4,1.4,1,0.42,0.52,0.23,28.14,0.66,0.48,,,0,0,0,,,,,,,,sonuc_bekliyor
12.07.2026,İstanbul,3,2,KING OF THE FIELD,SUPER SAVER,1200,Sentetik,İngiliz,15:00,,,6,14.0,7.0,15.006799999999995,6.17,11.0,1.83,6570,-1.9,1,-1.9,1,0.09,0.45,0.25,18.88,0.06,0.39,,,0,0,0,,,,,,,,sonuc_bekliyor
12.07.2026,İstanbul,3,3,EL GLADIADOR,KANEKO,1200,Sentetik,İngiliz,15:00,,,3,15.0,3.5,12.004799999999996,2.34,6.0,-0.42,6579,,0,0.9,1,2.86,0.5,0.23,29.83,0.0,0.6,,,1,0,0,,,,,,,,sonuc_bekliyor
12.07.2026,İstanbul,3,4,GIRALAMO,TOUCH THE WOLF,1200,Sentetik,İngiliz,15:00,,,5,8.5,2.9,7.671800000000005,1.2,1.25,-4.35,6619,-3.5,2,1.15,1,0.42,0.69,0.32,18.18,0.28,0.36,,,1,0,0,,,,,,,,sonuc_bekliyor
12.07.2026,İstanbul,3,5,MERCIER,GOOD CURRY,1200,Sentetik,İngiliz,15:00,,,2,0.0,0.0,-2.995200000000004,-3.0,-9.0,-9.0,6654,-3.85,6,-2.3,1,0.05,0.62,0.09,43.94,2.21,0.54,,,0,0,0,,,,,,,,sonuc_bekliyor
12.07.2026,İstanbul,3,6,TRUE BLUE,VICTOR LUDORUM,1200,Sentetik,İngiliz,15:00,,,3,7.5,-0.5,8.001800000000003,0.56,5.75,-0.25,6633,-4.95,5,-2.5,1,0.0,0.33,0.25,25.0,0.0,0.0,,,0,0,0,,,,,,,,sonuc_bekliyor
12.07.2026,İstanbul,3,7,BARANIM KING,VICTOIRE PISA,1200,Sentetik,İngiliz,15:00,,,0,,,,,,,,,0,,0,0.29,0.51,0.31,19.13,4.04,0.55,,,0,0,1,,,,,,,,sonuc_bekliyor
12.07.2026,İstanbul,3,8,FLY YAZICI,BODEMEISTER,1200,Sentetik,İngiliz,15:00,,,0,,,,,,,,-3.2,4,-3.2,1,0.28,0.6,0.26,24.31,4.04,0.55,,,0,0,1,,,,,,,,sonuc_bekliyor
12.07.2026,İstanbul,3,9,GO HER LED,KLIMT,1200,Sentetik,İngiliz,15:00,,,0,,,,,,,,-2.15,2,-1.75,1,0.06,0.7,0.19,38.89,0.52,0.65,,,0,0,1,,,,,,,,sonuc_bekliyor
12.07.2026,İstanbul,4,1,CALEDONIE,PHOENIX OF SPAIN,1600,Çim,İngiliz,15:30,Sprinter/Stalker,-35.3860066417088,1,-14.0,-14.0,-5.000000000000002,-5.0,-2.75,-2.75,6611,-1.45,1,-0.2,1,0.02,,0.57,,,,,,1,0,0,,,,,,,,sonuc_bekliyor
12.07.2026,İstanbul,4,2,STELLA GIRL,BANKNOTE,1600,Çim,İngiliz,15:30,Sprinter/Stalker,-35.3860066417088,1,5.5,5.5,7.33199999999999,7.33,9.0,9.0,6783,-3.3,4,-0.7,1,0.35,,0.27,,0.04,,,,0,0,0,,,,,,,,sonuc_bekliyor
12.07.2026,İstanbul,4,3,PEHLİVAN KIZIM,KANEKO,1600,Çim,İngiliz,15:30,Sprinter/Stalker,-35.3860066417088,2,19.0,10.0,22.6608,12.5,30.0,16.38,6692,-2.2,3,-0.5,1,2.86,,0.23,,0.09,,,,0,0,0,,,,,,,,sonuc_bekliyor
12.07.2026,İstanbul,4,4,NEVACAN,CARDINAL PIONEER,1600,Çim,İngiliz,15:30,Sprinter/Stalker,-35.3860066417088,0,,,,,,,,,0,-0.8,1,0.04,,0.18,,0.0,,,,0,0,1,,,,,,,,sonuc_bekliyor
12.07.2026,İstanbul,4,5,DAYWATCH,GUSTAV KLIMT,1600,Çim,İngiliz,15:30,Sprinter/Stalker,-35.3860066417088,0,,,,,,,,-2.3,2,3.3,1,0.0,,0.25,,0.0,,,,0,0,1,,,,,,,,sonuc_bekliyor
12.07.2026,İstanbul,4,6,GRAVITY OF LOVE,PACO BOY,1600,Çim,İngiliz,15:30,Sprinter/Stalker,-35.3860066417088,0,,,,,,,,-0.9,2,-0.9,1,0.0,,0.29,,2.21,,sik,6,0,0,1,,,,,,,,sonuc_bekliyor
12.07.2026,İstanbul,4,7,AIBHILIN AGAIN,LUXOR,1600,Çim,İngiliz,15:30,Sprinter/Stalker,-35.3860066417088,0,,,,,,,,-3.3,3,-2.0,1,4.04,,0.22,,0.12,,,,0,0,1,,,,,,,,sonuc_bekliyor
12.07.2026,İstanbul,4,8,GOOSEBUMBS,NATIVE KHAN,1600,Çim,İngiliz,15:30,Sprinter/Stalker,-35.3860066417088,2,2.0,-2.0,2.3337999999999965,1.17,5.5,3.88,6831,-1.45,1,,0,1.31,,0.2,,,,,,0,0,0,,,,,,,,sonuc_bekliyor
12.07.2026,İstanbul,4,9,DEEP IRON,TOROK,1600,Çim,İngiliz,15:30,Sprinter/Stalker,-35.3860066417088,5,23.0,3.5,32.33240000000001,6.53,34.0,7.9,6649,-2.7,5,-1.9,1,2.74,,0.25,,1.85,,,,0,0,0,,,,,,,,sonuc_bekliyor
12.07.2026,İstanbul,4,10,TILO GIRL,THREE VALLEYS,1600,Çim,İngiliz,15:30,Sprinter/Stalker,-35.3860066417088,4,1.0,-1.12,2.328000000000004,-0.92,4.0,0.0,6773,-0.8,1,-0.8,1,0.65,,0.26,,0.1,,,,0,0,0,,,,,,,,sonuc_bekliyor
12.07.2026,İstanbul,4,11,INTERVAL,TOROK,1600,Çim,İngiliz,15:30,Sprinter/Stalker,-35.3860066417088,0,,,,,,,,-3.75,3,-2.1,1,2.74,,0.25,,4.04,,,,0,0,1,,,,,,,,sonuc_bekliyor
12.07.2026,İstanbul,4,12,MARISCAL,KANEKO,1600,Çim,İngiliz,15:30,Sprinter/Stalker,-35.3860066417088,3,-5.5,-7.83,-3.0000000000000075,-6.67,-3.75,-6.33,6699,-1.3,2,-1.3,1,2.86,,0.23,,0.91,,,,0,0,0,,,,,,,,sonuc_bekliyor
12.07.2026,İstanbul,5,1,AYLAK KIZ,TALİPHAN,1200,Çim,Arap,16:00,,,2,13.5,9.5,6.337200000000005,2.67,5.25,1.75,6648,,0,0.9,1,0.0,1.0,0.22,11.11,0.57,0.7,,,0,0,0,,,,,,,,sonuc_bekliyor
12.07.2026,İstanbul,5,2,ALBASTI TAY,AYABAKAN,1200,Çim,Arap,16:00,,,5,12.0,8.4,4.00500000000001,1.47,2.25,0.45,6657,-2.1,1,-2.1,1,1.03,0.57,0.24,29.23,0.57,0.52,,,0,0,0,,,,,,,,sonuc_bekliyor
12.07.2026,İstanbul,5,3,ROSİCAN,GELİBOLU,1200,Çim,Arap,16:00,,,4,14.5,12.0,7.33720000000001,5.5,6.25,4.94,6592,-2.7,5,-2.1,1,0.15,0.69,0.21,17.86,1.65,0.69,,,0,0,0,,,,,,,,sonuc_bekliyor
12.07.2026,İstanbul,5,4,ŞÖHRET HANIM,CANBERKTAY,1200,Çim,Arap,16:00,,,3,11.5,11.33,5.003600000000006,4.89,4.25,4.25,6642,-2.8,2,-2.8,1,0.16,0.82,0.24,25.49,2.84,0.65,uzun,46,0,0,0,,,,,,,,sonuc_bekliyor
12.07.2026,İstanbul,5,5,YAMAN ÖZGE,ÖZHABER,1200,Çim,Arap,16:00,,,6,-1.5,-8.08,-7.663999999999991,-10.0,-7.25,-10.08,6681,-1.1,1,-0.7,1,0.6,0.68,0.25,18.42,0.06,0.71,,,0,0,0,,,,,,,,sonuc_bekliyor
12.07.2026,İstanbul,5,6,BALLIBİKE,KAYAYÜREKLİ,1200,Çim,Arap,16:00,,,3,-6.5,-8.67,-12.66399999999999,-13.77,-12.25,-14.58,6698,-1.5,1,-1.5,1,0.3,0.77,0.33,25.54,1.97,0.57,,,0,0,0,,,,,,,,sonuc_bekliyor
12.07.2026,İstanbul,5,7,TANKIZI,MADRABAZ,1200,Çim,Arap,16:00,,,5,-4.5,-11.3,-10.66399999999999,-14.06,-10.25,-13.7,6691,-1.3,3,-0.4,1,0.01,0.89,0.28,56.0,0.02,0.38,,,0,0,0,,,,,,,,sonuc_bekliyor
12.07.2026,İstanbul,5,8,HARDAL ÇİÇEĞİM,GELİBOLU,1200,Çim,Arap,16:00,,,2,-10.5,-15.0,-16.99639999999999,-21.16,-17.75,-21.75,6782,,0,-0.3,1,0.15,0.69,0.21,17.86,2.84,0.65,,,0,0,0,,,,,,,,sonuc_bekliyor
12.07.2026,İstanbul,5,9,ÖZERSOY,SAADIN GÜCÜ,1200,Çim,Arap,16:00,,,1,3.5,3.5,-2.996399999999994,-3.0,-3.75,-3.75,6853,-2.1,3,-2.1,1,0.21,0.4,0.27,26.8,0.19,0.33,,,0,0,0,,,,,,,,sonuc_bekliyor
12.07.2026,İstanbul,5,10,TEMRE,GELİBOLU,1200,Çim,Arap,16:00,,,1,-3.5,-3.5,-9.996399999999994,-10.0,-10.75,-10.75,6830,-2.0,3,-0.3,1,0.15,0.69,0.21,17.86,2.84,0.65,,,0,0,0,,,,,,,,sonuc_bekliyor
12.07.2026,İstanbul,6,1,CAPTAIN FANTASTIC,MSHAWISH,1500,Sentetik,İngiliz,16:30,Sprinter/Stalker,-23.84573732380004,6,-3.0,-4.83,-2.667199999999994,-3.89,-2.0,-2.75,6526,-3.7,4,139.7,1,0.2,,0.07,,0.03,,,,0,0,0,,,,,,,,sonuc_bekliyor
12.07.2026,İstanbul,6,2,CHARABANC,REAL SOLUTION,1500,Sentetik,İngiliz,16:30,Sprinter/Stalker,-23.84573732380004,3,2.0,-0.33,2.0,0.67,2.5,1.17,6481,-2.7,3,-1.9,1,0.13,,0.09,,0.08,,,,0,0,0,,,,,,,,sonuc_bekliyor
12.07.2026,İstanbul,6,3,HOPE BREEZE,TOROK,1500,Sentetik,İngiliz,16:30,Sprinter/Stalker,-23.84573732380004,3,-3.0,-4.33,-3.0,-5.44,-3.5,-5.92,6494,-3.1,1,-3.1,1,2.74,,0.25,,2.86,,uzun,106,0,0,0,,,,,,,,sonuc_bekliyor
12.07.2026,İstanbul,6,4,LUCERYS,INTELLO,1500,Sentetik,İngiliz,16:30,Sprinter/Stalker,-23.84573732380004,6,-3.5,-6.75,-1.001800000000003,-6.44,0.75,-7.54,6541,-4.2,5,-4.2,1,0.02,,0.0,,,,,,0,0,0,,,,,,,,sonuc_bekliyor
12.07.2026,İstanbul,6,5,MAKE A FIRE,SIDNEY'S CANDY,1500,Sentetik,İngiliz,16:30,Sprinter/Stalker,-23.84573732380004,6,-6.0,-8.92,-5.000399999999999,-8.44,-5.5,-8.83,6566,-3.8,2,-2.8,1,0.27,,0.18,,2.98,,,,0,0,0,,,,,,,,sonuc_bekliyor
12.07.2026,İstanbul,6,6,POETRY IN MOTION,CATALINA CRUISER,1500,Sentetik,İngiliz,16:30,Sprinter/Stalker,-23.84573732380004,2,0.0,-2.0,0.332800000000006,-2.33,1.0,-2.25,6523,-1.2,2,-1.7,1,0.12,,0.14,,0.02,,,,0,0,0,,,,,,,,sonuc_bekliyor
12.07.2026,İstanbul,6,7,TONBİ,APPROVE,1500,Sentetik,İngiliz,16:30,Sprinter/Stalker,-23.84573732380004,3,1.0,0.17,1.0,-0.11,1.5,0.08,6542,-4.4,5,-0.85,1,0.46,,0.15,,2.98,,,,0,0,0,,,,,,,,sonuc_bekliyor
12.07.2026,İstanbul,7,1,TRAKTÖR,GÜNTAY,1500,Sentetik,Arap,17:00,Sprinter/Stalker,-31.7874546408,1,0.0,0.0,-0.0015999999999891656,-0.0,0.0,0.0,6749,-3.8,6,-3.4,1,0.57,0.65,0.35,,0.11,0.56,,,0,0,0,,,,,,,,sonuc_bekliyor
12.07.2026,İstanbul,7,2,ALTIN SAAD,SAADIN GÜCÜ,1500,Sentetik,Arap,17:00,Sprinter/Stalker,-31.7874546408,4,11.0,5.0,12.327399999999995,5.41,16.25,6.5,6631,,0,-0.1,1,0.21,0.6,0.27,,0.69,0.62,,,1,0,0,,,,,,,,sonuc_bekliyor
12.07.2026,İstanbul,7,3,ŞANSIBOLBEY,GELİBOLU,1500,Sentetik,Arap,17:00,Sprinter/Stalker,-31.7874546408,8,28.0,4.75,29.997600000000006,7.08,31.0,8.25,6591,-1.5,2,-1.3,1,0.15,0.68,0.21,,0.11,0.31,,,0,0,0,,,,,,,,sonuc_bekliyor
12.07.2026,İstanbul,7,4,KIZGIN YÜREK,KAYAYÜREKLİ,1500,Sentetik,Arap,17:00,Sprinter/Stalker,-31.7874546408,5,0.0,-2.3,-1.9999999999999982,-3.47,2.75,-1.65,6625,,0,2.2,1,0.3,0.75,0.33,,0.0,0.38,,,0,0,0,,,,,,,,sonuc_bekliyor
12.07.2026,İstanbul,7,5,DAMLA SUYU,KURTÇABEY,1500,Sentetik,Arap,17:00,Sprinter/Stalker,-31.7874546408,4,2.5,-0.62,2.66680000000001,-1.58,2.75,-1.19,6668,-3.3,3,-0.9,1,0.0,0.78,0.32,,0.03,0.51,,,0,0,0,,,,,,,,sonuc_bekliyor
12.07.2026,İstanbul,7,6,YAĞIZHANBEY,BAHARŞAH,1500,Sentetik,Arap,17:00,Sprinter/Stalker,-31.7874546408,1,4.0,4.0,6.994000000000001,6.99,10.25,10.25,6644,-2.8,4,-1.3,1,0.0,0.64,0.24,,0.02,0.72,,,1,0,0,,,,,,,,sonuc_bekliyor
12.07.2026,İstanbul,7,7,OĞUZHANTAY,TURBO,1500,Sentetik,Arap,17:00,Sprinter/Stalker,-31.7874546408,1,-4.0,-4.0,0.6614000000000004,0.66,6.75,6.75,6628,-3.5,4,2.1,1,2.84,0.7,0.21,,0.3,0.63,,,0,0,0,,,,,,,,sonuc_bekliyor
12.07.2026,İstanbul,7,8,UMUDUNU KAYBETME,GÜNTAY,1500,Sentetik,Arap,17:00,Sprinter/Stalker,-31.7874546408,0,,,,,,,,-2.7,3,0.1,1,0.57,0.65,0.35,,0.57,0.65,uzun,46,0,0,1,,,,,,,,sonuc_bekliyor
12.07.2026,İstanbul,7,9,YEŞİLKÖYLÜ,TURBO,1500,Sentetik,Arap,17:00,Sprinter/Stalker,-31.7874546408,7,8.0,1.5,6.000799999999998,1.19,7.0,1.5,6640,-3.9,3,-2.7,1,2.84,0.7,0.21,,0.67,0.67,,,0,0,0,,,,,,,,sonuc_bekliyor
12.07.2026,İstanbul,7,10,KRAL YAZICI,AYABAKAN,1500,Sentetik,Arap,17:00,Sprinter/Stalker,-31.7874546408,4,19.5,2.88,22.000400000000017,5.58,23.25,5.94,6592,-2.2,1,0.4,1,1.03,0.64,0.24,,1.97,0.6,,,1,0,0,,,,,,,,sonuc_bekliyor
12.07.2026,İstanbul,7,11,BABA TUNA,BABA MEVLÜT,1500,Sentetik,Arap,17:00,Sprinter/Stalker,-31.7874546408,6,13.0,1.75,21.992000000000004,3.72,30.0,6.21,6665,-1.0,1,1.4,1,0.42,0.52,0.28,,2.42,0.45,,,1,0,0,,,,,,,,sonuc_bekliyor
12.07.2026,İstanbul,7,12,DURUSU BEYİ,DİLİRAN,1500,Sentetik,Arap,17:00,Sprinter/Stalker,-31.7874546408,2,2.5,-0.75,2.998400000000002,2.5,3.75,2.88,6619,-1.0,1,1.1,1,0.12,0.78,0.19,,0.4,0.77,,,1,0,0,,,,,,,,sonuc_bekliyor
12.07.2026,İstanbul,7,13,İLKUTHAN,KARAÜZÜM,1500,Sentetik,Arap,17:00,Sprinter/Stalker,-31.7874546408,2,-6.0,-6.75,-5.3355999999999995,-6.17,-5.0,-6.0,6642,-1.9,2,,0,0.32,0.51,0.24,,3.73,0.69,,,0,0,0,,,,,,,,sonuc_bekliyor
12.07.2026,İstanbul,8,1,ALWAYS HARD,NATIVE KHAN,1200,Çim,İngiliz,17:30,Kaçak/Stalker,70.19938039939345,0,,,,,,,,-2.8,4,-1.0,1,1.31,0.55,,28.45,2.21,0.64,,,0,0,1,,,,,,,,sonuc_bekliyor
12.07.2026,İstanbul,8,2,ARDA JR,AGRESIVO,1200,Çim,İngiliz,17:30,Kaçak/Stalker,70.19938039939345,0,,,,,,,,-2.2,5,-1.6,1,0.52,0.77,,22.56,0.17,0.0,,,0,0,1,,,,,,,,sonuc_bekliyor
12.07.2026,İstanbul,8,3,CANADIAN BOY,KANEKO,1200,Çim,İngiliz,17:30,Kaçak/Stalker,70.19938039939345,0,,,,,,,,-0.4,1,-0.6,1,2.86,0.51,,29.83,0.46,0.76,,,0,0,1,,,,,,,,sonuc_bekliyor
12.07.2026,İstanbul,8,4,EL NACHO,CRACKSMAN,1200,Çim,İngiliz,17:30,Kaçak/Stalker,70.19938039939345,0,,,,,,,,-0.9,2,-0.5,1,,,,,0.12,0.0,,,0,0,1,,,,,,,,sonuc_bekliyor
12.07.2026,İstanbul,8,5,MODRUS,ELARQAM,1200,Çim,İngiliz,17:30,Kaçak/Stalker,70.19938039939345,0,,,,,,,,-0.5,2,-0.5,1,0.0,1.0,,0.0,0.66,0.75,,,0,0,1,,,,,,,,sonuc_bekliyor
12.07.2026,İstanbul,8,6,ROYAL AKGÜN,BLUEGRASS CAT,1200,Çim,İngiliz,17:30,Kaçak/Stalker,70.19938039939345,0,,,,,,,,-4.1,3,-4.1,1,0.25,0.67,,36.26,2.86,0.51,,,0,0,1,,,,,,,,sonuc_bekliyor
12.07.2026,İstanbul,8,7,THE LAST DRAGON,TOROK,1200,Çim,İngiliz,17:30,Kaçak/Stalker,70.19938039939345,0,,,,,,,,-1.2,2,0.0,1,2.74,0.51,,20.87,2.98,0.4,,,0,0,1,,,,,,,,sonuc_bekliyor
12.07.2026,İstanbul,8,8,WARRIOR POINTE,GAZIBORA KHAN,1200,Çim,İngiliz,17:30,Kaçak/Stalker,70.19938039939345,0,,,,,,,,-6.3,9,-6.3,1,0.03,0.67,,18.75,,,,,0,0,1,,,,,,,,sonuc_bekliyor
12.07.2026,İstanbul,9,1,GILMOUR,TORONADO,1500,Sentetik,İngiliz,18:00,Sprinter/Stalker,-23.84573732380004,5,6.0,2.8,6.9975999999999985,4.33,8.0,4.0,6681,-2.0,4,-1.5,1,0.08,,0.5,,0.0,,,,0,0,0,,,,,,,,sonuc_bekliyor
12.07.2026,İstanbul,9,2,MILLENNIUM FALCON,MYBOYCHARLIE,1500,Sentetik,İngiliz,18:00,Sprinter/Stalker,-23.84573732380004,5,3.0,0.5,5.665599999999998,4.0,7.25,3.85,6724,-2.1,4,-1.8,1,0.27,,0.31,,2.21,,,,0,0,0,,,,,,,,sonuc_bekliyor
12.07.2026,İstanbul,9,3,IRON CLEM,PAPA CLEM,1500,Sentetik,İngiliz,18:00,Sprinter/Stalker,-23.84573732380004,1,-13.0,-13.0,-13.0032,-13.0,-11.0,-11.0,6736,-4.3,1,-4.3,1,0.42,,0.23,,0.48,,,,1,0,0,,,,,,,,sonuc_bekliyor
12.07.2026,İstanbul,9,4,VOLITIVO,VICTOIRE PISA,1500,Sentetik,İngiliz,18:00,Sprinter/Stalker,-23.84573732380004,2,3.0,-4.5,1.0007999999999981,-3.33,-1.0,-4.0,6701,-5.8,4,-5.8,1,0.29,,0.31,,0.2,,,,0,0,0,,,,,,,,sonuc_bekliyor
12.07.2026,İstanbul,9,5,SULTANIM NERİMAN,TIZWAY,1500,Sentetik,İngiliz,18:00,Sprinter/Stalker,-23.84573732380004,1,-2.0,-2.0,-0.33440000000000225,-0.33,-1.0,-1.0,6920,,0,,0,0.53,,0.13,,0.05,,,,0,0,0,,,,,,,,sonuc_bekliyor
12.07.2026,İstanbul,9,6,ESPIRITO,SADLER'S JOY,1500,Sentetik,İngiliz,18:00,Sprinter/Stalker,-23.84573732380004,1,-7.0,-7.0,-5.334400000000002,-5.33,-6.0,-6.0,6868,,0,8.0,1,0.12,,0.13,,0.03,,,,0,0,0,,,,,,,,sonuc_bekliyor
12.07.2026,İstanbul,9,7,GLONASS,RULER OF THE WORLD,1500,Sentetik,İngiliz,18:00,Sprinter/Stalker,-23.84573732380004,7,2.5,-1.71,4.997999999999998,1.43,4.75,1.5,6691,-2.6,4,-2.6,1,,,,,0.02,,,,0,0,0,,,,,,,,sonuc_bekliyor
12.07.2026,İstanbul,9,8,LİSENDORA,MENDIP,1500,Sentetik,İngiliz,18:00,Sprinter/Stalker,-23.84573732380004,7,3.0,-3.14,4.9979999999999905,1.09,4.0,1.14,6649,-2.45,2,0.9,1,1.22,,0.19,,1.89,,,,0,0,0,,,,,,,,sonuc_bekliyor
12.07.2026,İstanbul,9,9,ZYRA,SADLER'S JOY,1500,Sentetik,İngiliz,18:00,Sprinter/Stalker,-23.84573732380004,4,-1.0,-2.75,0.6655999999999906,-0.42,1.5,-0.38,6614,-1.85,3,1.7,1,0.12,,0.13,,0.03,,,,1,0,0,,,,,,,,sonuc_bekliyor
12.07.2026,İstanbul,9,10,DEEP OF ANCESTOR,APPROVE,1500,Sentetik,İngiliz,18:00,Sprinter/Stalker,-23.84573732380004,0,,,,,,,,,0,1.1,1,0.46,,0.15,,,,,,0,0,1,,,,,,,,sonuc_bekliyor
12.07.2026,İstanbul,9,11,HELLAS,MYBOYCHARLIE,1500,Sentetik,İngiliz,18:00,Sprinter/Stalker,-23.84573732380004,0,,,,,,,,-0.2,1,1.0,1,0.27,,0.31,,0.12,,,,0,0,1,,,,,,,,sonuc_bekliyor
12.07.2026,İstanbul,9,12,SKY TURK (USA),FLAMEAWAY,1500,Sentetik,İngiliz,18:00,Sprinter/Stalker,-23.84573732380004,3,-2.0,-4.0,-0.3344000000000018,-2.33,-1.0,-3.0,6731,,0,0.05,1,,,,,,,,,0,0,0,,,,,,,,sonuc_bekliyor
12.07.2026,İstanbul,9,13,SCARGIVER,AUTHORIZED,1500,Sentetik,İngiliz,18:00,Sprinter/Stalker,-23.84573732380004,0,,,,,,,,-2.9,2,-0.8,1,0.33,,0.31,,2.98,,,,0,0,1,,,,,,,,sonuc_bekliyor
12.07.2026,İstanbul,9,14,ZELİNDA,BATTLEGROUND,1500,Sentetik,İngiliz,18:00,Sprinter/Stalker,-23.84573732380004,2,12.5,8.25,15.665,11.17,12.0,10.5,6983,-3.0,3,-1.4,1,0.02,,0.05,,0.05,,,,0,0,0,,,,,,,,sonuc_bekliyor
12.07.2026,İstanbul,9,15,SKY BLAZE,LILBOURNE LAD,1500,Sentetik,İngiliz,18:00,Sprinter/Stalker,-23.84573732380004,1,-10.0,-10.0,-9.002000000000002,-9.0,-8.5,-8.5,6803,,0,-0.5,1,0.06,,0.17,,0.0,,,,0,0,0,,,,,,,,sonuc_bekliyor
12.07.2026,İstanbul,9,16,PHANTOM RULER,KANEKO,1500,Sentetik,İngiliz,18:00,Sprinter/Stalker,-23.84573732380004,2,-3.0,-5.0,-0.003200000000007641,-3.0,2.0,-2.75,6933,-2.9,1,-2.9,1,2.86,,0.23,,0.61,,,,1,0,0,,,,,,,,sonuc_bekliyor
12.07.2026,İstanbul,9,17,MAJESTIC CHAMPION,SHARP KNIFE,1500,Sentetik,İngiliz,18:00,Sprinter/Stalker,-23.84573732380004,0,,,,,,,,,0,-0.4,1,0.0,,0.38,,1.22,,,,0,0,1,,,,,,,,sonuc_bekliyor
12.07.2026,İzmir,1,1,CHEROKEE,KINOWA,1200,Kum,İngiliz,17:45,,,10,4.0,-7.05,7.000000000000001,-5.77,9.0,-4.53,6680,,0,0.9,1,0.0,0.76,0.05,36.84,4.7,0.39,,,0,0,0,,,,,,,,sonuc_bekliyor
12.07.2026,İzmir,1,2,STAR OF NİĞDE,BLAZE TO WIN,1200,Kum,İngiliz,17:45,,,4,0.0,-1.5,1.0020000000000095,-1.5,0.5,-1.0,6648,,0,2.1,1,0.0,0.64,0.09,27.27,0.0,0.0,,,0,0,0,,,,,,,,sonuc_bekliyor
12.07.2026,İzmir,1,3,TAŞDEMİR HAN,TIGER MOTH,1200,Kum,İngiliz,17:45,,,8,11.5,1.5,9.6686,1.25,10.5,2.06,6611,-4.8,4,-4.1,1,0.0,0.43,0.0,0.0,0.65,0.52,,,0,0,0,,,,,,,,sonuc_bekliyor
12.07.2026,İzmir,1,4,MUFASA,TIGER MOTH,1200,Kum,İngiliz,17:45,,,2,3.0,0.5,1.002000000000009,-0.66,0.5,-0.75,6585,-4.3,4,-4.3,1,0.0,0.43,0.0,0.0,2.86,0.51,,,0,0,0,,,,,,,,sonuc_bekliyor
12.07.2026,İzmir,1,5,AVENGING,KINOWA,1200,Kum,İngiliz,17:45,,,4,11.5,3.88,15.000000000000005,7.17,17.0,8.25,6733,-0.1,1,-0.1,1,0.0,0.76,0.05,36.84,0.0,1.0,,,0,0,0,,,,,,,,sonuc_bekliyor
12.07.2026,İzmir,1,6,THE LAST GRIFFIN,BATTLEGROUND,1200,Kum,İngiliz,17:45,,,2,14.0,7.0,12.668599999999998,9.17,13.75,11.0,6795,-2.3,1,-2.3,1,0.02,0.58,0.05,50.0,0.07,0.63,,,0,0,0,,,,,,,,sonuc_bekliyor
12.07.2026,İzmir,1,7,BABA ALUŞ,BATTLEGROUND,1200,Kum,İngiliz,17:45,,,2,0.0,-4.0,-2.3311999999999946,-5.33,-2.5,-5.25,6690,,0,1.8,1,0.02,0.58,0.05,50.0,0.27,0.75,uzun,147,0,0,0,,,,,,,,sonuc_bekliyor
12.07.2026,İzmir,1,8,BY MUTLU,AUTHORIZED,1200,Kum,İngiliz,17:45,,,3,7.5,1.83,11.666200000000002,3.67,14.0,4.67,6791,-0.2,2,-0.2,1,0.33,0.3,0.31,20.75,2.21,0.55,,,0,0,0,,,,,,,,sonuc_bekliyor
12.07.2026,İzmir,1,9,LIGHT OF MY WORLD,SEVENTH SENSE,1200,Kum,İngiliz,17:45,,,0,,,,,,,,-1.3,1,-1.3,1,0.0,0.6,0.25,25.0,,,,,0,0,1,,,,,,,,sonuc_bekliyor
12.07.2026,İzmir,1,10,NIGHT RUNNER,MER DE GLACE,1200,Kum,İngiliz,17:45,,,1,-4.0,-4.0,1.6649999999999991,1.66,4.25,4.25,6942,,0,0.0,1,0.0,0.8,0.33,16.67,0.02,0.0,,,1,0,0,,,,,,,,sonuc_bekliyor
12.07.2026,İzmir,1,11,QUICKSTEP QUEEN,KLUGER,1200,Kum,İngiliz,17:45,,,0,,,,,,,,,0,0.25,1,0.11,0.84,0.2,32.14,0.03,0.0,,,0,0,1,,,,,,,,sonuc_bekliyor
12.07.2026,İzmir,2,1,GOZEYOĞLU,AFRİKAANDER,1400,Kum,Arap,18:30,,,0,,,,,,,,-4.4,2,-4.4,1,0.01,1.0,0.22,44.44,0.7,0.71,,,0,0,1,,,,,,,,sonuc_bekliyor
12.07.2026,İzmir,2,2,HIRÇIN DADAŞ,DEHA,1400,Kum,Arap,18:30,,,1,10.5,10.5,4.001800000000003,4.0,2.5,2.5,6950,-3.1,4,2.8,1,0.33,0.56,0.21,22.22,0.0,1.0,,,0,0,0,,,,,,,,sonuc_bekliyor
12.07.2026,İzmir,2,3,İLKEJDER,DESPOT,1400,Kum,Arap,18:30,,,2,16.5,14.0,7.002999999999997,5.5,6.0,4.0,6934,-2.3,3,-2.3,1,,,,,0.11,0.45,,,0,0,0,,,,,,,,sonuc_bekliyor
12.07.2026,İzmir,2,4,MUKATOVİÇ,BİÇER,1400,Kum,Arap,18:30,,,0,,,,,,,,-2.2,2,,0,0.0,0.8,0.0,20.0,0.75,0.56,,,0,0,1,,,,,,,,sonuc_bekliyor
12.07.2026,İzmir,2,5,SEYDİHAN,TALİPHAN,1400,Kum,Arap,18:30,,,0,,,,,,,,,0,2.0,1,0.0,1.0,0.22,11.11,0.34,0.55,,,0,0,1,,,,,,,,sonuc_bekliyor
12.07.2026,İzmir,2,6,ŞAHİN MELTEM,ŞAHİNTER,1400,Kum,Arap,18:30,,,4,12.5,7.5,5.002199999999999,-1.0,3.0,-1.62,6796,-2.5,2,,0,0.06,0.0,0.2,6.67,1.97,0.61,,,0,0,0,,,,,,,,sonuc_bekliyor
12.07.2026,İzmir,2,7,CEDİDE,AFRİKAANDER,1400,Kum,Arap,18:30,,,1,-16.5,-16.5,-26.996600000000004,-27.0,-29.5,-29.5,6877,-1.3,1,3.4,1,0.01,1.0,0.22,44.44,0.8,0.6,,,0,0,0,,,,,,,,sonuc_bekliyor
12.07.2026,İzmir,2,8,ELMAS GÖZLÜM,OĞUZBOYLU,1400,Kum,Arap,18:30,,,0,,,,,,,,-2.6,3,1.1,1,0.0,1.0,0.0,0.0,0.5,0.44,,,0,0,1,,,,,,,,sonuc_bekliyor
12.07.2026,İzmir,2,9,KAYANİLİM,GÜMBÜRGÜMBÜR,1400,Kum,Arap,18:30,,,0,,,,,,,,,0,1.1,1,0.02,0.82,0.15,37.5,0.32,0.49,,,0,0,1,,,,,,,,sonuc_bekliyor
12.07.2026,İzmir,2,10,PRENSES BERRİN,KARAÜZÜM,1400,Kum,Arap,18:30,,,1,14.5,14.5,8.001800000000003,8.0,6.5,6.5,6691,-0.6,1,5.6,1,0.32,0.56,0.24,22.78,0.15,0.69,,,0,0,0,,,,,,,,sonuc_bekliyor
12.07.2026,İzmir,3,1,TÜRKAN HANIM,ORÇUN,2000,Kum,Arap,19:00,Sprinter/Stalker,-22.21539915,7,10.0,4.21,21.992399999999996,9.52,28.5,8.5,6686,-2.8,4,-2.6,1,0.06,0.29,0.2,,2.31,0.4,,,0,0,0,,,,,,,,sonuc_bekliyor
12.07.2026,İzmir,3,2,KAPTANPAŞALI,TAYKUT,2000,Kum,Arap,19:00,Sprinter/Stalker,-22.21539915,10,15.0,4.15,15.998799999999996,5.57,16.5,4.72,6670,,0,,0,0.01,0.18,0.08,,0.46,0.17,,,0,0,0,,,,,,,,sonuc_bekliyor
12.07.2026,İzmir,3,3,AFŞINTAY,KURTÇABEY,2000,Kum,Arap,19:00,Sprinter/Stalker,-22.21539915,4,8.0,1.75,12.329799999999981,4.5,13.25,4.88,6584,,0,0.7,1,0.0,0.22,0.32,,0.49,0.43,,,0,0,0,,,,,,,,sonuc_bekliyor
12.07.2026,İzmir,3,4,ŞİFNE EFESİ,JOKER,2000,Kum,Arap,19:00,Sprinter/Stalker,-22.21539915,9,20.5,1.17,20.666800000000002,1.67,19.0,0.92,6639,-2.5,3,-2.5,1,0.19,0.15,0.08,,,,,,0,0,0,,,,,,,,sonuc_bekliyor
12.07.2026,İzmir,3,5,GÜNEŞKRAL,TAMERİNOĞLU,2000,Kum,Arap,19:00,Sprinter/Stalker,-22.21539915,0,,,,,,,,,0,0.7,1,2.42,0.45,0.37,,2.31,0.4,,,0,0,1,,,,,,,,sonuc_bekliyor
12.07.2026,İzmir,3,6,GÜÇLÜ KRAL,YILMABAŞAR,2000,Kum,Arap,19:00,Sprinter/Stalker,-22.21539915,0,,,,,,,,-2.6,1,-2.6,1,0.05,0.33,0.29,,1.65,0.23,uzun,217,0,0,1,,,,,,,,sonuc_bekliyor
12.07.2026,İzmir,3,7,GÜRSELHAN,TAMERİNOĞLU,2000,Kum,Arap,19:00,Sprinter/Stalker,-22.21539915,7,28.5,11.71,36.328799999999994,15.52,39.0,15.79,6657,,0,0.2,1,2.42,0.45,0.37,,0.04,0.22,,,1,0,0,,,,,,,,sonuc_bekliyor
12.07.2026,İzmir,3,8,ŞİRO ÇAYI,LASMAR,2000,Kum,Arap,19:00,Sprinter/Stalker,-22.21539915,4,2.5,-4.25,6.331199999999983,-2.0,5.25,-3.31,6611,-1.8,4,-1.8,1,0.0,0.0,0.33,,0.08,0.47,,,1,0,0,,,,,,,,sonuc_bekliyor
12.07.2026,İzmir,3,9,KING GÖKÇE,TAYKUT,2000,Kum,Arap,19:00,Sprinter/Stalker,-22.21539915,9,9.5,0.0,10.663599999999994,1.59,10.0,0.33,6690,-0.8,1,1.3,1,0.01,0.18,0.08,,0.19,0.25,,,0,0,0,,,,,,,,sonuc_bekliyor
12.07.2026,İzmir,3,10,SERİNTEPE,YAVUZBEY,2000,Kum,Arap,19:00,Sprinter/Stalker,-22.21539915,5,4.0,-3.3,3.00119999999999,-3.33,2.5,-4.5,6715,-2.3,3,-2.3,1,0.01,0.1,0.29,,1.97,0.29,,,0,0,0,,,,,,,,sonuc_bekliyor
12.07.2026,İzmir,4,1,BAŞ YARGIÇ,GÜMBÜRGÜMBÜR,1400,Kum,Arap,19:30,,,0,,,,,,,,-0.6,1,-0.6,1,0.02,0.82,0.15,37.5,1.1,0.57,,,0,0,1,,,,,,,,sonuc_bekliyor
12.07.2026,İzmir,4,2,GÖNÜL SARAYI,SONALP,1400,Kum,Arap,19:30,,,2,26.0,24.0,4.010200000000011,0.01,4.0,0.75,6917,,0,3.1,1,0.29,0.64,0.3,15.02,2.26,0.52,,,0,0,0,,,,,,,,sonuc_bekliyor
12.07.2026,İzmir,4,3,KANDIRALI,ŞAHİNTER,1400,Kum,Arap,19:30,,,0,,,,,,,,-2.5,6,-2.5,1,0.06,0.0,0.2,6.67,1.97,0.61,,,0,0,1,,,,,,,,sonuc_bekliyor
12.07.2026,İzmir,4,4,TURGUL HAN,EMBİR HAN,1400,Kum,Arap,19:30,,,1,-1.0,-1.0,-26.988199999999992,-26.99,-27.0,-27.0,6865,-2.7,4,-0.7,1,0.02,0.88,0.07,49.09,0.17,0.63,,,0,0,0,,,,,,,,sonuc_bekliyor
12.07.2026,İzmir,4,5,ZAZA ENES,GELİBOLU,1400,Kum,Arap,19:30,,,3,31.0,27.67,9.343400000000013,4.79,9.5,5.0,6716,-1.1,2,-0.2,1,0.15,0.69,0.21,17.86,0.6,0.62,,,0,0,0,,,,,,,,sonuc_bekliyor
12.07.2026,İzmir,4,6,ADI YAŞASIN,GÜMBÜRGÜMBÜR,1400,Kum,Arap,19:30,,,0,,,,,,,,-2.5,5,-0.5,1,0.02,0.82,0.15,37.5,0.0,1.0,,,0,0,1,,,,,,,,sonuc_bekliyor
12.07.2026,İzmir,4,7,ALTIN ESMER,ALTINCI HİS,1400,Kum,Arap,19:30,,,3,34.0,27.67,11.01060000000001,5.01,7.5,3.67,6887,-1.1,3,0.0,1,0.01,0.47,0.25,6.25,0.5,0.44,,,0,0,0,,,,,,,,sonuc_bekliyor
12.07.2026,İzmir,4,8,AYANA,ÖZGÜNHAN,1400,Kum,Arap,19:30,,,1,44.0,44.0,22.01020000000001,22.01,24.0,24.0,6962,-3.0,3,6.4,1,2.31,0.48,0.3,11.89,0.01,0.45,,,0,0,0,,,,,,,,sonuc_bekliyor
12.07.2026,İzmir,4,9,LAYLA,BAYHAN,1400,Kum,Arap,19:30,,,1,-7.0,-7.0,-28.98979999999999,-28.99,-29.0,-29.0,6988,,0,-0.5,1,0.02,0.65,0.16,36.84,2.84,0.74,,,0,0,0,,,,,,,,sonuc_bekliyor
12.07.2026,İzmir,4,10,SOLUKMAVİ,ÖZGÜNHAN,1400,Kum,Arap,19:30,,,0,,,,,,,,,0,2.5,1,2.31,0.48,0.3,11.89,0.29,0.64,uzun,59,0,0,1,,,,,,,,sonuc_bekliyor
12.07.2026,İzmir,5,1,FERMAN YAZAR,TÜMÖZ BEY,1200,Kum,Arap,20:00,,,7,17.0,8.36,17.331000000000007,5.24,14.25,4.07,6624,-2.3,4,-2.3,1,0.31,0.6,0.1,49.63,2.26,0.52,,,0,0,0,,,,,,,,sonuc_bekliyor
12.07.2026,İzmir,5,2,UÇANEMİRHAN,UÇANOĞLU,1200,Kum,Arap,20:00,,,5,9.0,1.7,-0.6633999999999958,-6.06,-3.25,-8.5,6685,-1.3,4,0.8,1,0.22,0.7,0.25,25.97,1.97,0.61,uzun,59,0,0,0,,,,,,,,sonuc_bekliyor
12.07.2026,İzmir,5,3,BEŞİR ÇAVUŞ,GÜMBÜRGÜMBÜR,1200,Kum,Arap,20:00,,,8,14.5,-7.0,10.00160000000001,-8.46,10.25,-5.69,6686,-0.8,3,-0.8,1,0.02,0.82,0.15,37.5,0.32,0.49,,,0,0,0,,,,,,,,sonuc_bekliyor
12.07.2026,İzmir,5,4,KIRKLAR DAĞI,TAYKUT,1200,Kum,Arap,20:00,,,3,23.5,4.67,18.667600000000007,4.44,19.0,2.58,6534,-2.5,2,2.4,1,0.01,0.66,0.08,52.78,2.84,0.74,,,0,0,0,,,,,,,,sonuc_bekliyor
12.07.2026,İzmir,5,5,SILPAHAR,AYABAKAN,1200,Kum,Arap,20:00,,,5,0.0,-8.3,-8.665400000000005,-17.13,-8.75,-19.9,6642,-2.3,2,0.5,1,1.03,0.68,0.24,29.23,2.84,0.74,,,0,0,0,,,,,,,,sonuc_bekliyor
12.07.2026,İzmir,5,6,FEHİMOĞLU,DEMİRTURBO,1200,Kum,Arap,20:00,,,4,-5.0,-8.62,-9.33039999999999,-16.16,-11.5,-19.06,6680,-2.6,3,-0.8,1,0.0,0.73,0.1,60.0,0.19,0.47,,,1,0,0,,,,,,,,sonuc_bekliyor
12.07.2026,İzmir,5,7,AYTEKİNBEY,KAYAYÜREKLİ,1200,Kum,Arap,20:00,,,1,-6.0,-6.0,-16.661399999999983,-16.66,-18.25,-18.25,6686,,0,-0.8,1,0.3,0.72,0.33,25.54,0.27,0.49,,,0,0,0,,,,,,,,sonuc_bekliyor
12.07.2026,İzmir,5,8,GÖKDİL,DİLİRAN,1200,Kum,Arap,20:00,,,0,,,,,,,,-3.6,7,-2.2,1,0.12,0.82,0.19,43.01,2.66,0.53,uzun,226,0,0,1,,,,,,,,sonuc_bekliyor
12.07.2026,İzmir,6,1,UMUT TAY,TÜMÖZ BEY,2100,Kum,Arap,20:30,Kaçak/Stalker,34.0,7,3.0,-4.57,-1.3315999999999946,-6.19,-1.5,-3.89,6605,0.0,1,0.4,1,0.31,0.34,,49.63,0.75,0.27,,,0,0,0,,,,,,,,sonuc_bekliyor
12.07.2026,İzmir,6,2,AŞKARTAY,HIZLITAY,2100,Kum,Arap,20:30,Kaçak/Stalker,34.0,5,14.0,6.7,9.667,4.33,11.0,6.55,6507,,0,5.2,1,0.03,0.42,,34.33,1.97,0.29,,,0,0,0,,,,,,,,sonuc_bekliyor
12.07.2026,İzmir,6,3,VARLIK EFESİ,YILMABAŞAR,2100,Kum,Arap,20:30,Kaçak/Stalker,34.0,8,7.5,3.88,7.334,-0.0,8.0,2.19,6469,-1.0,3,-1.0,1,0.05,0.33,,15.66,1.22,0.62,,,0,0,0,,,,,,,,sonuc_bekliyor
12.07.2026,İzmir,6,4,ASLAN KILICI,TURBO,2100,Kum,Arap,20:30,Kaçak/Stalker,34.0,7,13.0,-1.79,9.334000000000003,-4.57,10.75,-2.86,6616,-0.6,1,-0.6,1,2.84,0.18,,29.97,1.1,0.27,,,0,0,0,,,,,,,,sonuc_bekliyor
12.07.2026,İzmir,6,5,BER KEMAL,SAADIN GÜCÜ,2100,Kum,Arap,20:30,Kaçak/Stalker,34.0,8,16.0,-8.12,11.334,-11.88,13.25,-10.56,6646,,0,2.2,1,0.21,0.19,,26.8,0.09,0.47,,,0,0,0,,,,,,,,sonuc_bekliyor
12.07.2026,İzmir,6,6,KIVILCIM ATEŞİ,DEMİRTURBO,2100,Kum,Arap,20:30,Kaçak/Stalker,34.0,8,-10.0,-13.75,-13.666800000000006,-16.21,-11.0,-14.75,6662,-3.3,2,1.2,1,0.0,0.27,,60.0,2.31,0.4,,,0,0,0,,,,,,,,sonuc_bekliyor
12.07.2026,İzmir,6,7,JÖN ROME,BAŞ HÜKÜMDAR,2100,Kum,Arap,20:30,Kaçak/Stalker,34.0,9,1.5,-7.94,-3.664999999999994,-11.26,-4.0,-10.08,6619,-4.2,5,-3.2,1,0.0,0.15,,58.82,0.08,0.25,,,0,0,0,,,,,,,,sonuc_bekliyor
12.07.2026,İzmir,6,8,ÇAĞDAŞ ALAÇAT,JOKER,2100,Kum,Arap,20:30,Kaçak/Stalker,34.0,10,9.0,1.7,6.333200000000005,0.73,7.5,3.25,6646,-2.5,3,-1.6,1,0.19,0.15,,50.85,2.42,0.45,,,0,0,0,,,,,,,,sonuc_bekliyor
12.07.2026,İzmir,6,9,BERATIM,TÜMÖZ BEY,2100,Kum,Arap,20:30,Kaçak/Stalker,34.0,0,,,,,,,,-3.8,1,-3.8,1,0.31,0.34,,49.63,0.75,0.27,uzun,353,0,0,1,,,,,,,,sonuc_bekliyor
12.07.2026,İzmir,6,10,ILDIRLI,TURBO,2100,Kum,Arap,20:30,Kaçak/Stalker,34.0,3,4.0,2.17,-0.6659999999999933,-2.33,3.0,-0.08,6718,-4.8,3,3.0,1,2.84,0.18,,29.97,0.05,0.14,,,0,0,0,,,,,,,,sonuc_bekliyor
12.07.2026,İzmir,6,11,UFKUN ÖTESİ,UFUKBİR,2100,Kum,Arap,20:30,Kaçak/Stalker,34.0,4,2.0,0.5,0.003600000000002268,-3.0,-1.75,-3.5,6713,-1.3,1,-1.3,1,0.04,0.43,,18.02,0.5,0.41,,,0,0,0,,,,,,,,sonuc_bekliyor
12.07.2026,İzmir,7,1,CAN ALUŞ,SMART ROBIN,2100,Kum,İngiliz,21:00,Nötr,-5.875,5,2.0,-1.5,5.665199999999998,2.4,7.5,4.25,6590,-1.1,1,-1.1,1,0.43,0.46,0.19,31.89,2.21,0.29,,,0,0,0,,,,,,,,sonuc_bekliyor
12.07.2026,İzmir,7,2,ERBAALI SADİ,GRAYSTORM,2100,Kum,İngiliz,21:00,Nötr,-5.875,5,1.0,-5.0,3.6647999999999987,-0.94,6.0,1.2,6658,-4.2,2,0.5,1,0.22,0.51,0.24,32.52,0.61,0.15,,,1,0,0,,,,,,,,sonuc_bekliyor
12.07.2026,İzmir,7,3,MUĞLALI ADNAN,DUTYFREE,2100,Kum,İngiliz,21:00,Nötr,-5.875,6,3.0,-8.75,7.997,-1.84,9.5,0.58,6624,,0,3.5,1,0.1,0.08,0.15,27.93,1.35,0.39,,,0,0,0,,,,,,,,sonuc_bekliyor
12.07.2026,İzmir,7,4,DISTANCE RUNNER,MIDNIGHT STORM*,2100,Kum,İngiliz,21:00,Nötr,-5.875,4,3.0,1.5,12.99600000000001,5.25,12.5,5.5,6660,,0,2.1,1,0.0,0.67,0.57,0.0,,,uzun,75,0,0,0,,,,,,,,sonuc_bekliyor
12.07.2026,İzmir,7,5,LITTLE JOE,TOCCET,2100,Kum,İngiliz,21:00,Nötr,-5.875,4,-11.5,-18.75,-1.0030000000000001,-10.17,0.5,-8.44,6619,-1.7,2,,0,0.4,0.45,0.21,34.48,0.3,0.31,,,0,0,0,,,,,,,,sonuc_bekliyor
12.07.2026,İzmir,7,6,BERİD,NATIVE KHAN,2100,Kum,İngiliz,21:00,Nötr,-5.875,5,-14.5,-17.0,-5.001199999999996,-11.2,-4.25,-8.7,6636,-2.4,4,-0.8,1,1.31,0.28,0.2,28.45,0.3,0.2,,,1,0,0,,,,,,,,sonuc_bekliyor
12.07.2026,İzmir,7,7,TIMELESS,SUPER SAVER,2100,Kum,İngiliz,21:00,Nötr,-5.875,0,,,,,,,,-4.8,3,-4.8,1,0.09,0.49,0.25,18.88,,,,,0,0,1,,,,,,,,sonuc_bekliyor
12.07.2026,İzmir,8,1,ERDAĞI,OYMAKBEYİ,1400,Kum,Arap,21:30,,,0,,,,,,,,-1.5,2,-1.5,1,0.11,0.45,0.22,37.23,0.08,0.67,,,0,0,1,,,,,,,,sonuc_bekliyor
12.07.2026,İzmir,8,2,KRALÇINAR,AFRİKAANDER,1400,Kum,Arap,21:30,,,0,,,,,,,,-3.3,3,-3.3,1,0.01,1.0,0.22,44.44,0.06,0.89,,,0,0,1,,,,,,,,sonuc_bekliyor
12.07.2026,İzmir,8,3,KUZEYİN POYRAZI,OYMAKBEYİ,1400,Kum,Arap,21:30,,,0,,,,,,,,-2.4,3,5.0,1,0.11,0.45,0.22,37.23,0.36,0.38,,,0,0,1,,,,,,,,sonuc_bekliyor
12.07.2026,İzmir,8,4,MR ALAÇAT,MERTADAM,1400,Kum,Arap,21:30,,,0,,,,,,,,,0,10.5,1,0.0,1.0,0.5,50.0,0.04,0.47,,,0,0,1,,,,,,,,sonuc_bekliyor
12.07.2026,İzmir,8,5,TAVİLOG,ARHANBEY,1400,Kum,Arap,21:30,,,1,4.0,4.0,0.670000000000007,0.67,-4.5,-4.5,6871,-3.1,1,6.8,1,0.01,0.8,0.27,9.09,0.46,0.67,,,0,0,0,,,,,,,,sonuc_bekliyor
12.07.2026,İzmir,8,6,ULU CİHAN,HIZLITAY,1400,Kum,Arap,21:30,,,3,26.0,22.33,22.67,21.67,18.5,17.0,6956,-3.3,4,5.2,1,0.03,0.5,0.2,34.33,0.3,0.63,,,0,0,0,,,,,,,,sonuc_bekliyor
12.07.2026,İzmir,8,7,DEMİRİN KILICI,DİLİRAN,1400,Kum,Arap,21:30,,,0,,,,,,,,,0,5.2,1,0.12,0.82,0.19,43.01,1.1,0.57,,,0,0,1,,,,,,,,sonuc_bekliyor
12.07.2026,İzmir,8,8,EFSANEVİTAY,KAFKASLIEFSANESİ,1400,Kum,Arap,21:30,,,0,,,,,,,,0.0,1,1.5,1,0.03,0.6,0.12,25.0,0.01,0.65,,,0,0,1,,,,,,,,sonuc_bekliyor
12.07.2026,İzmir,8,9,ERENDİZ,GELİBOLU,1400,Kum,Arap,21:30,,,0,,,,,,,,-1.7,2,313.6,1,0.15,0.69,0.21,17.86,0.19,0.68,,,0,0,1,,,,,,,,sonuc_bekliyor
12.07.2026,İzmir,8,10,LOKUM HÜMA,DEMİRDÖVEN,1400,Kum,Arap,21:30,,,1,24.0,24.0,20.67,20.67,15.5,15.5,7009,-1.0,1,-0.7,1,0.01,0.73,0.19,36.42,2.42,0.43,,,0,0,0,,,,,,,,sonuc_bekliyor
12.07.2026,İzmir,8,11,SELMİNKIZ,TAYKUT,1400,Kum,Arap,21:30,,,0,,,,,,,,-0.8,1,1.1,1,0.01,0.66,0.08,52.78,2.42,0.43,,,0,0,1,,,,,,,,sonuc_bekliyor
